toIsContract_0,toIsContract_1,blockNumber,timestamp,value,gasLimit,gasPrice,gasUsed,isError
0,1,697018,1450206942,1.0,250000,52000000000.0,186446,0
1,0,697013,1450206865,3.66e+18,21000,60000000000.0,21000,0
0,1,696254,1450194481,1.0,250000,52000000000.0,120980,0
1,0,697165,1450209396,6.64e+18,90000,50000000000.0,21000,0
0,1,696349,1450196200,1.0,250000,52000000000.0,186446,0
1,0,696624,1450200952,1e+19,90000,50000000000.0,21000,0
0,1,697400,1450213885,0.0,90000,57661658451.0,90000,1
1,0,696185,1450193419,2.46e+18,21000,50000000000.0,21000,0
0,1,697405,1450214020,0.0,90000,57661658451.0,59690,0
0,1,696632,1450201053,1.0,250000,52000000000.0,45525,0
0,1,696404,1450197266,1.0,250000,52000000000.0,186382,0
0,1,697406,1450214024,0.0,90000,57136937358.0,90000,1
0,1,696636,1450201108,1.0,250000,52000000000.0,45589,0
0,1,697421,1450214365,0.0,90000,56024213625.0,90000,1
1,0,696394,1450197076,3e+18,90000,50000000000.0,21000,0
1,0,697372,1450213321,1.81e+19,90000,50000000000.0,21000,0
1,0,696495,1450198836,9.44e+17,90000,51136235733.0,21000,0
0,1,696493,1450198757,1.0,250000,52000000000.0,186446,0
0,1,697387,1450213590,0.0,150000,53064977957.0,74690,0
0,1,696630,1450201026,1.0,250000,52000000000.0,118539,0
0,1,696823,1450204120,1.0,250000,52000000000.0,186446,0
1,0,697207,1450210176,1.02e+18,90000,50000000000.0,21000,0
0,1,697016,1450206879,1000000000000000.0,3000000,50000000000.0,105372,0
0,1,697387,1450213590,0.0,150000,53064977957.0,74754,0
1,0,696943,1450205786,4.76e+18,90000,50000000000.0,21000,0
0,1,697404,1450213994,0.0,90000,57661658451.0,90000,1
1,0,697358,1450213107,2.5e+19,21000,50000000000.0,21000,0
1,0,696735,1450202636,5.09e+19,21000,60000000000.0,21000,0
1,0,697074,1450208014,2.52e+18,90000,50000000000.0,21000,0
1,0,697404,1450213994,1.26e+18,21000,76207658440.0,21000,0
0,1,697398,1450213858,0.0,90000,57661658451.0,90000,1
0,1,697027,1450207236,1.0,250000,52000000000.0,186446,0
0,1,696654,1450201342,1.0,250000,52000000000.0,54655,0
0,1,696184,1450193408,1.0,250000,52000000000.0,186446,0
1,0,696044,1450190828,5.29e+18,21000,60000000000.0,21000,0
0,1,697410,1450214119,0.0,90000,56540427731.0,90000,1
1,0,697405,1450214020,1.25e+18,21000,75518436715.0,21000,0
0,1,696635,1450201104,1.0,250000,52000000000.0,45525,0
0,1,696612,1450200729,1.0,250000,52000000000.0,186382,0
1,0,697026,1450207195,3.23e+18,21000,60000000000.0,21000,0
1,0,696271,1450194862,6.13e+18,90000,50000000000.0,21000,0
1,0,696909,1450205295,4.96e+18,41000,50000000000.0,21000,0
1,0,696701,1450202085,1.04e+18,21000,60000000000.0,21000,0
1,0,696644,1450201253,5e+19,21000,66073600134.0,21000,0
0,1,697402,1450213907,0.0,90000,57661658451.0,90000,1
1,0,696133,1450192614,1.1e+18,90000,50000000000.0,21000,0
0,1,696490,1450198720,1.0,250000,52000000000.0,186446,0
1,0,696852,1450204504,4.99e+18,41000,50000000000.0,21000,0
1,0,697390,1450213666,2.57e+18,21000,72586370105.0,21000,0
1,0,697403,1450213978,2.42e+18,21000,70696423212.0,21000,0
1,0,697380,1450213449,5.79e+17,25000,50000000000.0,21000,0
1,0,696913,1450205352,4.24e+18,90000,50000000000.0,21000,0
0,1,697399,1450213863,0.0,90000,57661658451.0,90000,1
0,1,696986,1450206462,1.0,250000,52000000000.0,186446,0
0,1,696310,1450195469,1.0,250000,52000000000.0,186446,0
0,1,696489,1450198697,1.0,250000,52000000000.0,186446,0
0,1,696315,1450195562,1.0,250000,52000000000.0,186446,0
0,1,696921,1450205482,1.0,250000,52000000000.0,186446,0
0,1,697406,1450214024,0.0,90000,57136937358.0,90000,1
0,1,697354,1450213027,1.0,250000,52000000000.0,186382,0
1,0,697391,1450213762,1.09e+17,90000,61578081924.0,21000,0
0,1,696637,1450201115,1.0,250000,52000000000.0,45525,0
1,0,696905,1450205252,4.48e+18,90000,50000000000.0,21000,0
1,0,697116,1450208621,9.36e+18,90000,50000000000.0,21000,0
1,0,697380,1450213449,4.08e+18,25000,50000000000.0,21000,0
0,1,697419,1450214339,0.0,90000,56024213625.0,90000,1
0,1,697413,1450214172,0.0,90000,56540427731.0,90000,1
1,0,696693,1450201946,1.14e+18,90000,50000000000.0,21000,0
0,1,696800,1450203803,1.0,250000,52000000000.0,186382,0
0,1,697407,1450214026,0.0,90000,57136937358.0,90000,1
0,1,696406,1450197290,0.0,3000000,50000000000.0,42447,0
0,1,696036,1450190664,0.0,43080,50000000000.0,43080,1
1,0,696284,1450195088,1.03e+18,90000,50000000000.0,21000,0
1,0,697384,1450213518,8.8e+17,22050,53676057844.0,21000,0
0,1,697413,1450214172,0.0,90000,56540427731.0,90000,1
1,0,696798,1450203759,1.15e+19,90000,50000000000.0,21000,0
0,1,696904,1450205235,1.0,250000,52000000000.0,54591,0
0,1,697401,1450213897,0.0,90000,57661658451.0,90000,1
1,0,696624,1450200952,5.03e+18,21000,60000000000.0,21000,0
0,1,696199,1450193626,1.0,250000,52000000000.0,186446,0
0,1,696681,1450201860,1.0,250000,52000000000.0,120916,0
0,1,696358,1450196383,1.0,250000,52000000000.0,186446,0
0,1,697404,1450213994,0.0,90000,57661658451.0,90000,1
1,0,696044,1450190828,3.65e+18,21000,60000000000.0,21000,0
1,0,696720,1450202395,1.04e+19,21000,60000000000.0,21000,0
0,1,696775,1450203246,1.0,250000,52000000000.0,186382,0
1,0,696521,1450199297,3.2e+18,21000,50000000000.0,21000,0
1,0,696903,1450205125,9.95e+18,90000,50000000000.0,21000,0
1,0,697088,1450208263,2.52e+18,21000,60000000000.0,21000,0
0,1,696094,1450191913,1.0,250000,52000000000.0,186446,0
0,1,696656,1450201406,1.0,250000,52000000000.0,186318,0
0,1,697351,1450212988,1.0,250000,52000000000.0,186446,0
1,0,696719,1450202371,3.02e+18,21000,60000000000.0,21000,0
1,0,696072,1450191442,1.18e+18,90000,50000000000.0,21000,0
1,0,697166,1450209421,1.32e+18,21000,60000000000.0,21000,0
0,1,697403,1450213978,0.0,90000,57661658451.0,90000,1
1,0,697274,1450211468,1.2e+18,90000,50000000000.0,21000,0
0,1,696075,1450191594,1.0,250000,52000000000.0,186382,0
1,0,696938,1450205675,5.31e+18,22050,50000000000.0,21000,0
0,1,697398,1450213858,0.0,90000,57661658451.0,90000,1
0,1,697266,1450211399,1.0,250000,52000000000.0,186446,0
1,0,696685,1450201892,1e+18,90000,50000000000.0,21000,0
0,1,696624,1450200952,1.0,250000,52000000000.0,186382,0
0,1,696635,1450201104,1.0,250000,52000000000.0,45589,0
1,0,696195,1450193587,1.02e+18,90000,50000000000.0,21000,0
0,1,697419,1450214339,0.0,90000,56024213625.0,90000,1
0,1,697404,1450213994,0.0,90000,57661658451.0,90000,1
0,1,697404,1450213994,0.0,90000,57661658451.0,90000,1
0,1,697412,1450214147,0.0,90000,56540427731.0,90000,1
1,0,697372,1450213321,2.03e+17,90000,50000000000.0,21000,0
0,1,697386,1450213556,0.0,150000,53064977957.0,74754,0
1,0,696222,1450193951,3.07e+18,21000,60000000000.0,21000,0
0,1,696931,1450205621,1.0,250000,52000000000.0,186446,0
0,1,697386,1450213556,0.0,150000,53064977957.0,74690,0
0,1,697414,1450214183,0.0,90000,56540427731.0,90000,1
0,1,696129,1450192479,1.0,250000,52000000000.0,186446,0
0,1,696273,1450194898,1.0,250000,52000000000.0,186318,0
0,1,697336,1450212671,1.0,250000,52000000000.0,186446,0
0,1,696228,1450194052,1.0,250000,52000000000.0,186446,0
1,0,696263,1450194700,1.1e+18,90000,50000000000.0,21000,0
0,1,697418,1450214330,0.0,90000,56540427731.0,90000,1
0,1,697407,1450214026,0.0,90000,57136937358.0,90000,1
0,1,697410,1450214119,0.0,90000,56540427731.0,90000,1
1,0,697316,1450212319,4.99e+17,21000,50000000000.0,21000,0
0,1,696066,1450191297,1.0,250000,52000000000.0,186318,0
0,1,696788,1450203601,1.0,250000,52000000000.0,186446,0
0,1,697386,1450213556,0.0,150000,53064977957.0,74754,0
0,1,696042,1450190793,1.0,250000,52000000000.0,36899,0
0,1,697399,1450213863,0.0,90000,57661658451.0,90000,1
0,1,697415,1450214254,0.0,90000,56540427731.0,90000,1
0,1,696066,1450191297,1.0,250000,52000000000.0,186382,0
1,0,696644,1450201253,1e+19,21000,66073600134.0,21000,0
1,0,697375,1450213399,1.12e+19,25000,50000000000.0,21000,0
0,1,696629,1450201018,1.0,250000,52000000000.0,45525,0
0,1,696249,1450194427,1.0,250000,52000000000.0,186446,0
0,1,697386,1450213556,0.0,150000,53064977957.0,74626,0
0,1,696454,1450198079,1.0,250000,52000000000.0,186382,0
1,0,697391,1450213762,2.65e+19,21000,71986792679.0,21000,0
1,0,697147,1450209218,3.77e+17,90000,50000000000.0,21000,0
0,1,696033,1450190613,1.0,250000,52000000000.0,186318,0
1,0,696232,1450194129,1.14e+18,90000,50000000000.0,21000,0
1,0,697372,1450213321,2.09e+18,90000,50000000000.0,21000,0
1,0,697390,1450213666,4.37e+17,90000,61578081924.0,21000,0
1,0,696276,1450194977,5.15e+18,21000,50000000000.0,21000,0
0,1,697322,1450212417,1.0,250000,52000000000.0,186446,0
0,1,697419,1450214339,0.0,90000,56540427731.0,90000,1
0,1,697244,1450210891,1.0,250000,52000000000.0,186446,0
1,0,696405,1450197288,3.53e+20,21000,500000000000.0,21000,0
0,1,696629,1450201018,1.0,250000,52000000000.0,186382,0
0,1,696379,1450196742,0.0,200000,50000000000.0,30357,0
1,0,696965,1450206127,4.95e+18,41000,50000000000.0,21000,0
0,1,696289,1450195116,1.0,250000,52000000000.0,121250,0
1,0,696788,1450203601,8.55e+18,90000,50000000000.0,21000,0
0,1,697374,1450213356,1.0,250000,52000000000.0,186446,0
1,0,697164,1450209385,1.06e+18,21000,60000000000.0,21000,0
1,0,697391,1450213762,2.82e+18,21000,71986792679.0,21000,0
0,1,697400,1450213885,0.0,90000,57661658451.0,90000,1
0,1,697382,1450213478,1.0,250000,52000000000.0,186382,0
1,0,697012,1450206848,3.85e+18,90000,50000000000.0,21000,0
0,1,696777,1450203258,1.0,250000,52000000000.0,186382,0
0,1,697368,1450213219,0.0,200000,50000000000.0,58930,0
0,1,697398,1450213858,0.0,90000,57661658451.0,90000,1
0,1,696246,1450194321,1.0,250000,52000000000.0,121250,0
1,0,696752,1450202888,8.61e+18,90000,50000000000.0,21000,0
0,1,696827,1450204170,1.0,250000,52000000000.0,120980,0
0,1,697420,1450214360,0.0,90000,56024213625.0,90000,1
0,1,697416,1450214304,0.0,90000,56540427731.0,90000,1
1,0,697403,1450213978,2.64e+18,25000,50000000000.0,21000,0
0,1,696463,1450198243,1.0,250000,52000000000.0,186382,0
1,0,696547,1450199718,1.84e+16,21000,50000000000.0,21000,0
0,1,697170,1450209470,1.0,250000,52000000000.0,186446,0
1,0,696309,1450195449,1e+18,90000,50000000000.0,21000,0
0,1,696628,1450201004,1.0,250000,52000000000.0,118603,0
0,1,696422,1450197619,1.0,250000,52000000000.0,186318,0
1,0,697184,1450209731,7.31e+18,21000,60000000000.0,21000,0
0,1,697418,1450214330,0.0,90000,56540427731.0,90000,1
1,0,696991,1450206556,3.09e+18,21000,60000000000.0,21000,0
0,1,696601,1450200559,1.0,250000,52000000000.0,186382,0
0,1,696132,1450192556,1.0,250000,52000000000.0,186446,0
0,1,696429,1450197717,1.0,250000,52000000000.0,186446,0
0,1,696136,1450192673,1.0,250000,52000000000.0,186382,0
0,1,697409,1450214113,0.0,90000,57136937358.0,90000,1
0,1,697080,1450208094,1.0,250000,52000000000.0,186446,0
0,1,697407,1450214026,0.0,90000,57136937358.0,90000,1
0,1,696628,1450201004,1.0,250000,52000000000.0,45525,0
0,1,696940,1450205689,1.0,250000,52000000000.0,186318,0
0,1,696184,1450193408,1.0,250000,52000000000.0,186382,0
0,1,696344,1450196143,1.0,250000,52000000000.0,186446,0
0,1,697407,1450214026,0.0,90000,57136937358.0,90000,1
1,0,697380,1450213449,1.64e+18,25000,50000000000.0,21000,0
0,1,696734,1450202592,1.0,250000,52000000000.0,186446,0
0,1,697301,1450212015,1.0,250000,52000000000.0,186446,0
0,1,696176,1450193251,1.0,250000,52000000000.0,186318,0
0,1,696488,1450198695,1.0,250000,52000000000.0,186382,0
1,0,696839,1450204331,3.05e+18,21000,60000000000.0,21000,0
1,0,696495,1450198836,1.04e+18,90000,50969766994.0,21000,0
0,1,697405,1450214020,0.0,90000,57661658451.0,90000,1
0,1,696619,1450200849,1.0,250000,52000000000.0,186382,0
0,1,697116,1450208621,1.0,250000,52000000000.0,186382,0
0,1,697399,1450213863,0.0,90000,57661658451.0,90000,1
0,1,696954,1450205937,1.0,250000,52000000000.0,186254,0
0,1,697400,1450213885,0.0,90000,57661658451.0,90000,1
0,1,696293,1450195208,1.0,250000,52000000000.0,186382,0
1,0,696422,1450197619,1.07e+16,21000,50000000000.0,21000,0
0,1,697234,1450210682,1.0,250000,52000000000.0,186446,0
1,0,696702,1450202094,2e+18,90000,50000000000.0,21000,0
0,1,697030,1450207290,1.0,250000,52000000000.0,186446,0
1,0,697391,1450213762,1.43e+18,21000,71986792679.0,21000,0
1,0,696271,1450194862,6.5e+18,90000,50000000000.0,21000,0
0,1,697383,1450213494,1.0,250000,52000000000.0,186382,0
0,1,696330,1450195924,1.0,250000,52000000000.0,186446,0
0,1,696160,1450193042,1.0,250000,52000000000.0,186382,0
1,0,696116,1450192321,9.99e+17,90000,50000000000.0,21000,0
1,0,697380,1450213449,3.19e+18,25000,50000000000.0,21000,0
1,0,696867,1450204685,7.03e+18,90000,50000000000.0,21000,0
1,0,696058,1450191127,3.04e+18,21000,60000000000.0,21000,0
1,0,697069,1450207901,1.8e+16,90000,50000000000.0,21000,0
0,1,696506,1450199071,1.0,250000,52000000000.0,186318,0
0,1,696469,1450198391,1.0,250000,52000000000.0,186446,0
0,1,696229,1450194071,1.0,250000,52000000000.0,186446,0
0,1,697099,1450208439,1.0,250000,52000000000.0,186446,0
0,1,696427,1450197689,1.0,250000,52000000000.0,186446,0
0,1,696692,1450201935,1.0,250000,52000000000.0,186446,0
0,1,697244,1450210891,0.0,200000,50000000000.0,58930,0
1,0,697369,1450213258,4.49e+17,25000,50000000000.0,21000,0
0,1,696970,1450206187,1.0,250000,52000000000.0,186446,0
0,1,696676,1450201762,1.0,250000,52000000000.0,186382,0
0,1,697399,1450213863,0.0,90000,57661658451.0,59626,0
1,0,697383,1450213494,8.28e+17,25000,50000000000.0,21000,0
1,0,696687,1450201899,1.04e+18,90000,50000000000.0,21000,0
0,1,696315,1450195562,1.0,250000,52000000000.0,186446,0
1,0,697372,1450213321,1.02e+18,90000,50000000000.0,21000,0
0,1,697192,1450209987,1.0,250000,52000000000.0,94987,0
1,0,697372,1450213321,6.33e+18,90000,50000000000.0,21000,0
0,1,696400,1450197203,1.0,250000,52000000000.0,186318,0
0,1,697412,1450214147,0.0,90000,56540427731.0,90000,1
1,0,696734,1450202592,1.13e+19,90000,50000000000.0,21000,0
1,0,697380,1450213449,4.8e+17,25000,50000000000.0,21000,0
0,1,696903,1450205125,1.0,250000,52000000000.0,186446,0
1,0,697383,1450213494,2.95e+19,22050,54170635748.0,21000,0
0,1,696633,1450201067,1.0,250000,52000000000.0,186382,0
0,1,696388,1450196992,1.0,250000,52000000000.0,186446,0
1,0,696245,1450194268,1.54e+18,21000,60000000000.0,21000,0
1,0,696271,1450194862,3.41e+18,90000,50000000000.0,21000,0
0,1,696611,1450200714,1.0,250000,52000000000.0,186446,0
1,0,696710,1450202220,1.05e+19,21000,50000000000.0,21000,0
0,1,696672,1450201727,1.0,250000,52000000000.0,186446,0
1,0,697409,1450214113,1e+18,21000,73041068037.0,21000,0
0,1,697407,1450214026,0.0,90000,57136937358.0,90000,1
0,1,696961,1450206074,1.0,250000,52000000000.0,186190,0
0,1,697337,1450212710,1.0,250000,52000000000.0,186190,0
1,0,697380,1450213449,1.07e+18,25000,50000000000.0,21000,0
0,1,696485,1450198656,1.0,250000,52000000000.0,186382,0
0,1,697402,1450213907,0.0,90000,57661658451.0,90000,1
0,1,697407,1450214026,0.0,90000,57136937358.0,90000,1
1,0,696718,1450202366,2.03e+19,21000,60000000000.0,21000,0
1,0,696755,1450202953,5.5e+18,90000,50000000000.0,21000,0
0,1,697138,1450209008,1.0,250000,52000000000.0,186446,0
1,0,696113,1450192257,1.12e+18,21000,60000000000.0,21000,0
0,1,696700,1450202065,1.0,250000,52000000000.0,186382,0
0,1,697387,1450213590,0.0,150000,53064977957.0,74754,0
1,0,696529,1450199437,4.95e+18,41000,50000000000.0,21000,0
0,1,697385,1450213539,0.0,150000,53064977957.0,74690,0
0,1,697387,1450213590,0.0,150000,53064977957.0,74754,0
1,0,696961,1450206074,5.01e+18,90000,50000000000.0,21000,0
0,1,696378,1450196705,1.0,250000,52000000000.0,186382,0
1,0,697393,1450213773,4.71e+18,25000,50000000000.0,21000,0
1,0,697253,1450211066,1.42e+18,90000,50000000000.0,21000,0
0,1,697406,1450214024,0.0,90000,57136937358.0,90000,1
0,1,696162,1450193061,1.0,250000,52000000000.0,186318,0
0,1,697387,1450213590,0.0,150000,53064977957.0,74690,0
0,1,696454,1450198079,1.0,250000,52000000000.0,186446,0
1,0,696303,1450195350,1.01e+18,90000,50000000000.0,21000,0
0,1,697385,1450213539,0.0,150000,53064977957.0,74754,0
0,1,697163,1450209357,1.0,250000,52000000000.0,186318,0
0,1,697346,1450212842,1.0,250000,52000000000.0,186446,0
0,1,696199,1450193626,1.0,250000,52000000000.0,186446,0
0,1,696134,1450192626,1.0,250000,52000000000.0,186446,0
0,1,696627,1450200997,1.0,250000,52000000000.0,45589,0
1,0,696322,1450195698,1.02e+18,90000,50000000000.0,21000,0
0,1,696257,1450194536,1.0,250000,52000000000.0,95051,0
0,1,697419,1450214339,0.0,90000,56024213625.0,90000,1
1,0,697380,1450213449,4.6e+17,25000,50000000000.0,21000,0
1,0,696163,1450193093,1.08e+18,21000,60000000000.0,21000,0
0,1,696233,1450194154,1.0,250000,52000000000.0,121250,0
1,0,696271,1450194862,1.42e+18,21000,50000000000.0,21000,0
1,0,696287,1450195107,1.22e+18,21000,60000000000.0,21000,0
0,1,696635,1450201104,1.0,250000,52000000000.0,118539,0
0,1,697417,1450214322,0.0,90000,56540427731.0,90000,1
1,0,696735,1450202636,1.4e+20,21000,500000000000.0,21000,0
0,1,697150,1450209248,1.0,250000,52000000000.0,186446,0
1,0,696821,1450204083,4.03e+18,90000,50000000000.0,21000,0
0,1,696851,1450204479,1.0,250000,52000000000.0,186382,0
1,0,697219,1450210414,1.29e+18,90000,50000000000.0,21000,0
0,1,696322,1450195698,1.0,250000,52000000000.0,186382,0
0,1,697178,1450209655,0.0,200000,50000000000.0,58930,0
0,1,696633,1450201067,1.0,250000,52000000000.0,45525,0
0,1,696681,1450201860,1.0,250000,52000000000.0,186446,0
0,1,696473,1450198455,1.0,250000,52000000000.0,186446,0
0,1,697407,1450214026,0.0,90000,57136937358.0,90000,1
1,0,696623,1450200933,1.04e+18,21000,60000000000.0,21000,0
0,1,697301,1450212015,1.0,250000,52000000000.0,186318,0
0,1,697411,1450214125,0.0,90000,56540427731.0,90000,1
0,1,696192,1450193542,1.0,250000,52000000000.0,186382,0
1,0,697380,1450213449,1.79e+19,25000,50000000000.0,21000,0
1,0,697409,1450214113,1.23e+18,90000,63526411713.0,21000,0
0,1,696217,1450193891,1.0,250000,52000000000.0,186446,0
1,0,697380,1450213449,1.07e+17,25000,50000000000.0,21000,0
0,1,697399,1450213863,0.0,90000,57661658451.0,90000,1
0,1,696635,1450201104,1.0,250000,52000000000.0,45525,0
1,0,697399,1450213863,1.24e+18,90000,57895747785.0,21000,0
1,0,697391,1450213762,1.47e+18,21000,71986792679.0,21000,0
1,0,697380,1450213449,4.41e+17,25000,50000000000.0,21000,0
0,1,696674,1450201745,1.0,250000,52000000000.0,186446,0
0,1,697413,1450214172,0.0,90000,56540427731.0,90000,1
0,1,696363,1450196462,1.0,250000,52000000000.0,186446,0
0,1,697415,1450214254,0.0,90000,56540427731.0,90000,1
0,1,696578,1450200188,1.0,250000,52000000000.0,186446,0
0,1,697047,1450207597,1.0,250000,52000000000.0,186446,0
0,1,697386,1450213556,0.0,150000,53064977957.0,74754,0
0,1,697157,1450209309,1.0,250000,52000000000.0,186382,0
1,0,696547,1450199718,2.5e+17,21000,50000000000.0,21000,0
0,1,696278,1450195001,1.0,250000,52000000000.0,186446,0
1,0,696248,1450194376,1.18e+18,90000,50000000000.0,21000,0
0,1,697414,1450214183,0.0,90000,56540427731.0,59754,0
0,1,696671,1450201715,1.0,250000,52000000000.0,186446,0
0,1,697320,1450212370,1.0,250000,52000000000.0,186446,0
0,1,696861,1450204628,1.0,250000,52000000000.0,186382,0
0,1,697406,1450214024,0.0,90000,57136937358.0,90000,1
1,0,696056,1450191048,1.84e+18,90000,50000000000.0,21000,0
1,0,696031,1450190562,1e+16,21000,50000000000.0,21000,0
1,0,696224,1450193979,9660000000000000.0,90000,50000000000.0,21000,0
1,0,696248,1450194376,1.07e+20,100000,50000000000.0,21000,0
0,1,696422,1450197619,0.0,200000,50000000000.0,58994,0
0,1,697404,1450213994,0.0,90000,57661658451.0,90000,1
1,0,696259,1450194567,1.11e+18,90000,50000000000.0,21000,0
0,1,697127,1450208805,1.0,250000,52000000000.0,54463,0
0,1,696691,1450201927,1.0,250000,52000000000.0,186382,0
0,1,697401,1450213897,0.0,90000,57661658451.0,90000,1
0,1,697399,1450213863,0.0,90000,57661658451.0,90000,1
1,0,697380,1450213449,1.73e+19,25000,50000000000.0,21000,0
0,1,697408,1450214044,0.0,90000,57136937358.0,90000,1
1,0,697211,1450210226,1.03e+18,21000,60000000000.0,21000,0
1,0,696714,1450202292,1.57e+19,90000,50000000000.0,21000,0
0,1,696143,1450192715,1.0,250000,52000000000.0,186446,0
0,1,696400,1450197203,1.0,250000,52000000000.0,186382,0
0,1,696434,1450197812,1.0,250000,52000000000.0,186254,0
0,1,696290,1450195146,1.0,250000,52000000000.0,186382,0
0,1,696365,1450196505,1.0,250000,52000000000.0,186318,0
0,1,697407,1450214026,0.0,90000,57136937358.0,90000,1
1,0,697389,1450213624,5.95e+18,21000,73206425136.0,21000,0
0,1,696770,1450203167,1.0,250000,52000000000.0,186318,0
0,1,696671,1450201715,1.0,250000,52000000000.0,186446,0
1,0,696720,1450202395,4.99e+18,21000,60000000000.0,21000,0
1,0,697389,1450213624,1.07e+18,21000,73206425136.0,21000,0
1,0,696283,1450195080,1.22e+19,21000,60000000000.0,21000,0
0,1,696346,1450196174,1.0,250000,52000000000.0,186382,0
0,1,696637,1450201115,1.0,250000,52000000000.0,186382,0
0,1,697360,1450213114,1.0,250000,52000000000.0,186446,0
0,1,696633,1450201067,1.0,250000,52000000000.0,45589,0
0,1,696158,1450193013,1.0,250000,52000000000.0,186382,0
0,1,697416,1450214304,0.0,90000,56540427731.0,90000,1
1,0,697205,1450210139,1.03e+18,90000,50000000000.0,21000,0
0,1,697401,1450213897,0.0,90000,57661658451.0,59754,0
0,1,697418,1450214330,0.0,90000,56540427731.0,59754,0
1,0,697380,1450213449,2.23e+19,25000,50000000000.0,21000,0
1,0,696214,1450193834,1.51e+18,90000,50000000000.0,21000,0
1,0,696280,1450195030,1.33e+19,21000,500000000000.0,21000,0
0,1,696492,1450198749,1.0,250000,52000000000.0,186446,0
0,1,696080,1450191681,1.0,250000,52000000000.0,186318,0
1,0,696721,1450202405,2.05e+19,90000,50000000000.0,21000,0
1,0,696748,1450202789,4.96e+18,41000,50000000000.0,21000,0
1,0,696271,1450194862,1.19e+19,90000,50000000000.0,21000,0
1,0,696474,1450198484,1.04e+18,21000,50000000000.0,21000,0
0,1,697408,1450214044,0.0,90000,57136937358.0,90000,1
0,1,697419,1450214339,0.0,90000,56024213625.0,90000,1
1,0,696980,1450206307,3.53e+18,21000,60000000000.0,21000,0
0,1,696631,1450201028,1.0,250000,52000000000.0,45525,0
1,0,696784,1450203388,1.32e+19,21000,60000000000.0,21000,0
0,1,696382,1450196904,1.0,250000,52000000000.0,186446,0
0,1,696668,1450201642,1.0,250000,52000000000.0,186446,0
0,1,697415,1450214254,0.0,90000,56540427731.0,90000,1
0,1,696790,1450203616,0.0,200000,50000000000.0,58994,0
0,1,696455,1450198121,1.0,250000,52000000000.0,186446,0
0,1,696323,1450195736,1.0,250000,52000000000.0,186446,0
1,0,697395,1450213809,3.64e+18,21000,69478704050.0,21000,0
0,1,697150,1450209248,1.0,250000,52000000000.0,186446,0
0,1,696970,1450206187,1.0,250000,52000000000.0,186382,0
0,1,697414,1450214183,0.0,90000,56540427731.0,90000,1
1,0,697097,1450208409,3.18e+18,22050,50000000000.0,21000,0
1,0,697184,1450209731,2.14e+19,21000,60000000000.0,21000,0
0,1,697413,1450214172,0.0,90000,56540427731.0,59754,0
0,1,696374,1450196610,1.0,250000,52000000000.0,186382,0
1,0,696913,1450205352,1.01e+18,90000,50000000000.0,21000,0
0,1,697401,1450213897,0.0,90000,57661658451.0,90000,1
1,0,697165,1450209396,1.27e+18,21000,60000000000.0,21000,0
0,1,697385,1450213539,0.0,150000,53064977957.0,74754,0
0,1,697205,1450210139,1.0,250000,52000000000.0,186318,0
0,1,696099,1450191980,1.0,250000,52000000000.0,186446,0
0,1,697376,1450213412,1.0,250000,52000000000.0,186382,0
0,1,697415,1450214254,0.0,90000,56540427731.0,90000,1
0,1,696992,1450206565,1.0,250000,52000000000.0,186318,0
0,1,696114,1450192265,1.0,250000,52000000000.0,186382,0
0,1,697386,1450213556,0.0,150000,53064977957.0,74626,0
0,1,697017,1450206882,1.0,250000,52000000000.0,186446,0
1,0,697377,1450213417,1.15e+18,25000,50000000000.0,21000,0
0,1,696855,1450204552,1.0,250000,52000000000.0,186446,0
0,1,696247,1450194340,1.0,250000,52000000000.0,186446,0
0,1,696606,1450200646,1.0,250000,52000000000.0,186382,0
0,1,696383,1450196913,1.0,250000,52000000000.0,186382,0
0,1,696355,1450196314,1.0,250000,52000000000.0,186318,0
1,0,696283,1450195080,1.04e+18,21000,60000000000.0,21000,0
1,0,697391,1450213762,1.17e+18,90000,61578081924.0,21000,0
0,1,697418,1450214330,0.0,90000,56540427731.0,90000,1
0,1,696293,1450195208,1.0,250000,52000000000.0,186446,0
1,0,697380,1450213449,2.1e+18,25000,50000000000.0,21000,0
0,1,696210,1450193774,1.0,250000,52000000000.0,186446,0
0,1,696872,1450204739,1.0,250000,52000000000.0,181446,0
0,1,696113,1450192257,1.0,250000,52000000000.0,186446,0
0,1,697420,1450214360,0.0,90000,56024213625.0,90000,1
0,1,696924,1450205544,1.0,250000,52000000000.0,186446,0
0,1,697375,1450213399,1.0,250000,52000000000.0,186446,0
1,0,697304,1450212138,1.17e+18,90000,50000000000.0,21000,0
0,1,696873,1450204768,1.0,250000,52000000000.0,186446,0
0,1,696403,1450197233,1.0,250000,52000000000.0,186446,0
0,1,696632,1450201053,1.0,250000,52000000000.0,45461,0
1,0,696502,1450199008,1.04e+18,21000,60000000000.0,21000,0
1,0,696034,1450190624,5.29e+18,90000,50000000000.0,21000,0
0,1,697406,1450214024,0.0,90000,57136937358.0,90000,1
0,1,696669,1450201676,1.0,250000,52000000000.0,186318,0
0,1,696103,1450192010,1.0,250000,52000000000.0,186318,0
0,1,696382,1450196904,1.0,250000,52000000000.0,186446,0
0,1,697387,1450213590,0.0,150000,53064977957.0,74754,0
1,0,696735,1450202636,1.23e+19,90000,50000000000.0,21000,0
1,0,697384,1450213518,3.02e+18,90000,58923525857.0,21000,0
0,1,696079,1450191665,1.0,250000,52000000000.0,186446,0
0,1,697406,1450214024,0.0,90000,57136937358.0,90000,1
0,1,697381,1450213462,1.0,250000,52000000000.0,103479,0
1,0,697389,1450213624,3.78e+18,25000,50000000000.0,21000,0
0,1,697391,1450213762,1.0,250000,52000000000.0,186382,0
0,1,696339,1450196081,1.0,250000,52000000000.0,186446,0
0,1,697123,1450208749,1.0,250000,52000000000.0,186382,0
1,0,697399,1450213863,2.31e+18,21000,67176557931.0,21000,0
1,0,697380,1450213449,1.3e+18,25000,50000000000.0,21000,0
1,0,696345,1450196166,5.39e+19,21000,60000000000.0,21000,0
1,0,696231,1450194090,1.28e+18,90000,50000000000.0,21000,0
1,0,697013,1450206865,9.5e+19,21000,60000000000.0,21000,0
1,0,696917,1450205389,4.37e+18,90000,50000000000.0,21000,0
0,1,697410,1450214119,0.0,90000,56540427731.0,90000,1
0,1,697385,1450213539,0.0,150000,53064977957.0,74690,0
0,1,696412,1450197391,1.0,250000,52000000000.0,186382,0
1,0,697390,1450213666,2.41e+19,21000,72586370105.0,21000,0
0,1,696472,1450198433,1.0,250000,52000000000.0,186446,0
0,1,696454,1450198079,5e+17,324373,50000000000.0,224373,0
1,0,697051,1450207684,3.12e+18,21000,60000000000.0,21000,0
1,0,697380,1450213449,5.03e+17,25000,50000000000.0,21000,0
0,1,697407,1450214026,0.0,90000,57136937358.0,90000,1
0,1,697401,1450213897,0.0,90000,57661658451.0,90000,1
0,1,696905,1450205252,1.0,250000,52000000000.0,186382,0
0,1,696785,1450203426,1.0,250000,52000000000.0,186382,0
1,0,697139,1450209056,1.01e+18,21000,50000000000.0,21000,0
0,1,696447,1450197938,0.0,2500000,60000000000.0,206827,0
1,0,697380,1450213449,1.43e+18,25000,50000000000.0,21000,0
1,0,696149,1450192807,1.16e+18,21000,60000000000.0,21000,0
0,1,697244,1450210891,1.0,250000,52000000000.0,186382,0
0,1,697406,1450214024,0.0,90000,57136937358.0,90000,1
1,0,696455,1450198121,1.11e+18,90000,50000000000.0,21000,0
0,1,696947,1450205866,1.0,250000,52000000000.0,186446,0
0,1,696085,1450191787,0.0,3000000,50000000000.0,42447,0
0,1,697142,1450209145,1.0,250000,52000000000.0,186446,0
0,1,697373,1450213343,1.0,250000,52000000000.0,186382,0
1,0,696720,1450202395,1.19e+19,21000,60000000000.0,21000,0
0,1,697391,1450213762,1.0,250000,52000000000.0,186382,0
1,0,696902,1450205106,4.64e+18,90000,50000000000.0,21000,0
1,0,696670,1450201685,3.75e+19,90000,50000000000.0,21000,0
0,1,697412,1450214147,0.0,90000,56540427731.0,90000,1
0,1,696744,1450202723,1e+20,90000,50000000000.0,29244,0
0,1,696637,1450201115,1.0,250000,52000000000.0,45525,0
0,1,696172,1450193202,1.0,250000,52000000000.0,186318,0
0,1,696042,1450190793,1.0,250000,52000000000.0,186446,0
0,1,696781,1450203304,1.0,250000,52000000000.0,186446,0
1,0,696270,1450194850,1.18e+18,21000,60000000000.0,21000,0
1,0,697329,1450212541,1.34e+18,90000,50000000000.0,21000,0
1,0,697193,1450209997,1.89e+18,21000,60000000000.0,21000,0
0,1,697292,1450211777,1.0,250000,52000000000.0,186254,0
0,1,696421,1450197605,1.0,250000,52000000000.0,186318,0
0,1,697418,1450214330,0.0,90000,56540427731.0,90000,1
1,0,696075,1450191594,5.87e+18,90000,50000000000.0,21000,0
1,0,697073,1450207949,2.72e+18,90000,50000000000.0,21000,0
1,0,697380,1450213449,1.71e+17,25000,50000000000.0,21000,0
0,1,697387,1450213590,0.0,150000,53064977957.0,74690,0
1,0,697380,1450213449,1.01e+18,25000,50000000000.0,21000,0
0,1,697416,1450214304,0.0,90000,56540427731.0,90000,1
0,1,696637,1450201115,1.0,250000,52000000000.0,45589,0
1,0,697246,1450210934,1.25e+18,90000,50000000000.0,21000,0
1,0,696699,1450202048,3.02e+18,90000,50000000000.0,21000,0
0,1,696293,1450195208,1.0,250000,52000000000.0,186446,0
1,0,697029,1450207271,2.47e+18,90000,50000000000.0,21000,0
0,1,697140,1450209091,1.0,250000,52000000000.0,186382,0
1,0,696203,1450193647,1.11e+18,21000,60000000000.0,21000,0
0,1,697413,1450214172,0.0,90000,56540427731.0,90000,1
0,1,696379,1450196742,1.0,250000,52000000000.0,186446,0
0,1,696879,1450204829,0.0,200000,50000000000.0,58994,0
1,0,697390,1450213666,2.58e+18,90000,61578081924.0,21000,0
0,1,696611,1450200714,1.0,250000,52000000000.0,186318,0
0,1,696761,1450203009,1.0,250000,52000000000.0,186382,0
1,0,697176,1450209600,1.01e+19,90000,50000000000.0,21000,0
0,1,697297,1450211900,1.0,250000,52000000000.0,186318,0
0,1,696913,1450205352,1.0,250000,52000000000.0,186446,0
1,0,697395,1450213809,1.22e+18,21000,69478704050.0,21000,0
0,1,697415,1450214254,0.0,90000,56540427731.0,59690,0
0,1,697398,1450213858,0.0,90000,57661658451.0,90000,1
0,1,696589,1450200440,1.0,250000,52000000000.0,186318,0
1,0,697103,1450208471,3.32e+18,90000,50000000000.0,21000,0
1,0,697293,1450211844,1.18e+18,90000,50000000000.0,21000,0
1,0,697380,1450213449,9.82e+16,25000,50000000000.0,21000,0
1,0,697372,1450213321,4.28e+19,90000,50000000000.0,21000,0
0,1,696879,1450204829,1.0,250000,52000000000.0,186382,0
0,1,697416,1450214304,0.0,90000,56540427731.0,59690,0
0,1,696943,1450205786,1.0,250000,52000000000.0,186446,0
0,1,696099,1450191980,1.0,250000,52000000000.0,186318,0
0,1,697097,1450208409,1.0,250000,52000000000.0,186190,0
1,0,697054,1450207745,1.2e+18,90000,50000000000.0,21000,0
0,1,696633,1450201067,1.0,250000,52000000000.0,45589,0
0,1,697385,1450213539,0.0,150000,53064977957.0,59754,0
0,1,696345,1450196166,1.0,250000,52000000000.0,186382,0
0,1,696462,1450198232,0.0,2500000,60000000000.0,224208,0
0,1,697403,1450213978,0.0,90000,57661658451.0,90000,1
0,1,697042,1450207535,1.0,250000,52000000000.0,186382,0
0,1,697405,1450214020,0.0,90000,57661658451.0,59690,0
1,0,697213,1450210262,1.48e+18,90000,50000000000.0,21000,0
1,0,697391,1450213762,1.71e+18,21000,71986792679.0,21000,0
1,0,697139,1450209056,5e+18,21000,50000000000.0,21000,0
0,1,696577,1450200152,1.0,250000,52000000000.0,186382,0
0,1,697402,1450213907,0.0,90000,57661658451.0,90000,1
0,1,696091,1450191886,1.0,250000,52000000000.0,186318,0
1,0,697372,1450213321,3.7e+17,90000,50000000000.0,21000,0
0,1,696916,1450205376,1.0,250000,52000000000.0,186446,0
0,1,697403,1450213978,0.0,90000,57661658451.0,90000,1
0,1,697406,1450214024,0.0,90000,57136937358.0,90000,1
0,1,696366,1450196544,1.0,250000,52000000000.0,186254,0
0,1,697123,1450208749,1.0,250000,52000000000.0,186446,0
0,1,696115,1450192304,1.0,250000,52000000000.0,186382,0
1,0,696190,1450193531,5.67e+18,22050,50000000000.0,21000,0
0,1,697410,1450214119,0.0,90000,56540427731.0,90000,1
1,0,696185,1450193419,1.2e+18,21000,50000000000.0,21000,0
1,0,697013,1450206865,1.24e+18,21000,60000000000.0,21000,0
0,1,696642,1450201216,0.0,200000,55801785814.0,58994,0
0,1,696257,1450194536,1.0,250000,52000000000.0,121186,0
1,0,696984,1450206363,1.02e+18,90000,50000000000.0,21000,0
1,0,697391,1450213762,1.7e+18,21000,71986792679.0,21000,0
0,1,697237,1450210719,1.0,250000,52000000000.0,186446,0
0,1,697357,1450213089,1.0,250000,52000000000.0,186446,0
0,1,696121,1450192361,0.0,2500000,60000000000.0,206947,0
1,0,697380,1450213449,5.26e+17,25000,50000000000.0,21000,0
1,0,697147,1450209218,1.66e+17,90000,50000000000.0,21000,0
0,1,696480,1450198555,1.0,250000,52000000000.0,186318,0
0,1,696765,1450203080,1.0,250000,52000000000.0,196382,0
1,0,696271,1450194862,5.58e+18,90000,50000000000.0,21000,0
1,0,697408,1450214044,1.92e+18,21000,74253543566.0,21000,0
0,1,697030,1450207290,1.0,250000,52000000000.0,186446,0
1,0,697206,1450210170,1200000000000000.0,90000,50000000000.0,21748,0
1,0,697380,1450213449,6.02e+18,25000,50000000000.0,21000,0
0,1,696382,1450196904,1.0,250000,52000000000.0,186446,0
0,1,697025,1450207121,1.0,250000,52000000000.0,54655,0
0,1,697405,1450214020,0.0,90000,57136937358.0,90000,1
0,1,697397,1450213834,0.0,90000,58215285819.0,90000,1
0,1,696918,1450205390,6e+17,324373,50000000000.0,224373,0
1,0,697261,1450211262,1.23e+18,90000,50000000000.0,21000,0
0,1,697408,1450214044,0.0,90000,57136937358.0,90000,1
0,1,697414,1450214183,0.0,90000,56540427731.0,90000,1
0,1,697421,1450214365,0.0,90000,56024213625.0,90000,1
0,1,696140,1450192701,5e+17,324373,50000000000.0,224373,0
0,1,697154,1450209290,1.0,250000,52000000000.0,186382,0
0,1,696375,1450196668,1.0,250000,52000000000.0,186446,0
0,1,696637,1450201115,1.0,250000,52000000000.0,45525,0
0,1,696441,1450197896,1.0,250000,52000000000.0,186446,0
1,0,697372,1450213321,9.73e+17,90000,50000000000.0,21000,0
0,1,697398,1450213858,0.0,90000,58215285819.0,90000,1
0,1,697410,1450214119,0.0,90000,56540427731.0,90000,1
0,1,696197,1450193606,1.0,250000,52000000000.0,186446,0
0,1,696628,1450201004,1.0,250000,52000000000.0,45525,0
0,1,696189,1450193500,1.0,250000,52000000000.0,186382,0
0,1,696613,1450200764,1.0,250000,52000000000.0,186446,0
1,0,697390,1450213666,5.65e+17,90000,61578081924.0,21000,0
0,1,697414,1450214183,0.0,90000,56540427731.0,90000,1
0,1,696440,1450197859,1.0,250000,52000000000.0,186382,0
0,1,696150,1450192816,1.0,250000,52000000000.0,186446,0
1,0,696222,1450193951,1.02e+18,21000,60000000000.0,21000,0
0,1,697414,1450214183,0.0,90000,56540427731.0,90000,1
0,1,697412,1450214147,0.0,90000,56540427731.0,90000,1
0,1,697420,1450214360,0.0,90000,56024213625.0,90000,1
1,0,696094,1450191913,1.98e+21,50000,1170000000000.0,21612,0
1,0,697376,1450213412,5.37e+17,25000,50000000000.0,21000,0
0,1,696075,1450191594,1.0,250000,52000000000.0,186446,0
0,1,697290,1450211739,1.0,250000,52000000000.0,186446,0
1,0,696754,1450202912,1.23e+19,21000,60000000000.0,21000,0
0,1,696333,1450195969,1.0,250000,52000000000.0,186446,0
0,1,697020,1450207032,1.0,250000,52000000000.0,186446,0
0,1,696735,1450202636,1.0,250000,52000000000.0,186382,0
1,0,696092,1450191891,6e+21,90000,50000000000.0,21000,0
0,1,696615,1450200791,1.0,250000,52000000000.0,186446,0
0,1,697385,1450213539,0.0,150000,53064977957.0,74754,0
0,1,697406,1450214024,0.0,90000,57136937358.0,90000,1
1,0,697134,1450208945,7.76e+18,90000,50000000000.0,21000,0
1,0,697297,1450211900,2.05e+18,90000,50000000000.0,21000,0
0,1,696712,1450202284,1.0,250000,52000000000.0,186382,0
1,0,696270,1450194850,1.48e+21,21000,60000000000.0,21000,0
1,0,697380,1450213449,4.07e+18,25000,50000000000.0,21000,0
0,1,696026,1450190510,1.0,250000,52000000000.0,186382,0
0,1,696626,1450200990,1.0,250000,52000000000.0,186382,0
1,0,696708,1450202184,1.76e+19,90000,50000000000.0,21000,0
0,1,696738,1450202672,1.0,250000,52000000000.0,186446,0
1,0,696737,1450202654,5.15e+18,90000,50000000000.0,21000,0
1,0,697030,1450207290,3.41e+18,21000,60000000000.0,21000,0
1,0,696981,1450206314,2.47e+20,21000,60000000000.0,21000,0
0,1,696415,1450197447,1.0,250000,52000000000.0,186446,0
1,0,697385,1450213539,1.62e+18,22050,53183311633.0,21000,0
0,1,696424,1450197635,1.0,250000,52000000000.0,186446,0
0,1,696365,1450196505,1.0,2999000,75000000000.0,186446,0
1,0,696358,1450196383,4.4e+21,100000,50000000000.0,21000,0
0,1,696757,1450202980,1.0,250000,52000000000.0,186446,0
0,1,696979,1450206288,1.0,250000,52000000000.0,186446,0
1,0,697380,1450213449,3.74e+18,25000,50000000000.0,21000,0
1,0,697184,1450209731,1.33e+19,21000,60000000000.0,21000,0
0,1,696464,1450198298,1.0,250000,52000000000.0,186318,0
0,1,697417,1450214322,0.0,90000,56540427731.0,90000,1
0,1,696972,1450206193,0.0,2500000,60000000000.0,207011,0
1,0,696149,1450192807,1.05e+18,21000,60000000000.0,21000,0
1,0,697378,1450213427,1.94e+19,25000,50000000000.0,21000,0
0,1,696043,1450190811,1.0,250000,52000000000.0,186446,0
0,1,696486,1450198663,0.0,2700000,50000000000.0,2681729,0
0,1,697343,1450212818,1.0,250000,52000000000.0,186446,0
0,1,696752,1450202888,1.0,250000,52000000000.0,186254,0
0,1,697400,1450213885,0.0,90000,57661658451.0,90000,1
1,0,697316,1450212319,1.01e+18,90000,50000000000.0,21000,0
0,1,696072,1450191442,1.0,250000,52000000000.0,186382,0
1,0,696520,1450199264,1.02e+18,21000,60000000000.0,21000,0
0,1,696635,1450201104,1.0,250000,52000000000.0,45589,0
1,0,697138,1450209008,1.01e+18,21000,50000000000.0,21000,0
0,1,696879,1450204829,1.0,250000,52000000000.0,186382,0
1,0,696195,1450193587,4.96e+18,90000,50000000000.0,21000,0
0,1,697074,1450208014,0.0,150000,50000000000.0,74626,0
0,1,696648,1450201300,1.0,250000,52000000000.0,186254,0
0,1,697409,1450214113,0.0,90000,56540427731.0,90000,1
0,1,697401,1450213897,0.0,90000,57661658451.0,90000,1
0,1,697412,1450214147,0.0,90000,56540427731.0,90000,1
0,1,697244,1450210891,1.0,250000,52000000000.0,186318,0
0,1,696739,1450202686,1.0,250000,52000000000.0,186382,0
1,0,697380,1450213449,2.78e+18,25000,50000000000.0,21000,0
1,0,697380,1450213449,1.65e+19,25000,50000000000.0,21000,0
0,1,697385,1450213539,0.0,150000,53064977957.0,74754,0
0,1,696532,1450199465,0.0,1000000,50000000000.0,205911,0
1,0,696245,1450194268,5.89e+20,21000,60000000000.0,21000,0
1,0,696122,1450192388,5.98e+18,21000,500000000000.0,21000,0
0,1,696167,1450193126,1.0,250000,52000000000.0,186446,0
0,1,697420,1450214360,0.0,90000,56024213625.0,59754,0
1,0,697391,1450213762,1.97e+18,90000,61578081924.0,21000,0
0,1,696901,1450205094,1.0,250000,52000000000.0,186446,0
0,1,697399,1450213863,0.0,90000,57661658451.0,90000,1
0,1,696957,1450205970,1.0,250000,52000000000.0,186446,0
1,0,696386,1450196947,2.8e+21,21000,500000000000.0,21000,0
0,1,696628,1450201004,1.0,250000,52000000000.0,45589,0
0,1,696330,1450195924,1.0,250000,52000000000.0,186446,0
1,0,697391,1450213762,7.07e+18,21000,71986792679.0,21000,0
1,0,697375,1450213399,6.27e+18,90000,50000000000.0,21000,0
0,1,696571,1450200044,0.0,200000,50000000000.0,58994,0
1,0,696031,1450190562,1.64e+18,21000,60000000000.0,21000,0
0,1,697220,1450210456,1.0,250000,52000000000.0,186318,0
0,1,696797,1450203723,1.0,250000,52000000000.0,186446,0
0,1,696157,1450192984,1.0,250000,52000000000.0,186446,0
0,1,696268,1450194820,0.0,200000,50000000000.0,29717,0
0,1,696632,1450201053,1.0,250000,52000000000.0,45589,0
1,0,696501,1450198978,1.06e+18,21000,60000000000.0,21000,0
0,1,697414,1450214183,0.0,90000,56540427731.0,90000,1
0,1,696712,1450202284,1.0,250000,52000000000.0,186446,0
1,0,697238,1450210756,1.27e+18,90000,50000000000.0,21000,0
1,0,696565,1450199946,7.53e+19,90000,50000000000.0,21000,0
0,1,697013,1450206865,1.0,250000,52000000000.0,186446,0
1,0,697380,1450213449,6.23e+18,25000,50000000000.0,21000,0
1,0,696038,1450190707,1.01e+19,90000,50000000000.0,21000,0
0,1,696181,1450193333,1.0,250000,52000000000.0,186382,0
1,0,697378,1450213427,1.22e+18,25000,50000000000.0,21000,0
1,0,696810,1450203939,6.41e+18,90000,50000000000.0,21000,0
0,1,696909,1450205295,1.0,250000,52000000000.0,186446,0
0,1,696635,1450201104,1.0,250000,52000000000.0,45589,0
0,1,697415,1450214254,0.0,90000,56540427731.0,90000,1
1,0,697286,1450211721,6e+16,90000,50000000000.0,21000,0
1,0,696145,1450192740,1.01e+18,90000,50000000000.0,21000,0
1,0,696777,1450203258,8.61e+18,21000,60000000000.0,21000,0
1,0,697403,1450213978,1.34e+18,90000,61302921198.0,21000,0
1,0,696204,1450193693,1.02e+18,22050,50000000000.0,21000,0
1,0,697037,1450207406,3.22e+18,90000,50000000000.0,21000,0
0,1,696249,1450194427,1.0,250000,52000000000.0,186254,0
1,0,697409,1450214113,1.67e+18,21000,73041068037.0,21000,0
1,0,696885,1450204885,1.02e+18,21000,60000000000.0,21000,0
0,1,696179,1450193294,1.0,250000,52000000000.0,186446,0
0,1,697414,1450214183,0.0,90000,56540427731.0,59690,0
0,1,696838,1450204319,5e+17,324422,50000000000.0,224422,0
1,0,696707,1450202172,1.05e+19,90000,50000000000.0,21000,0
0,1,697386,1450213556,0.0,150000,53064977957.0,74754,0
0,1,697405,1450214020,0.0,90000,57661658451.0,90000,1
1,0,697242,1450210803,1.53e+18,90000,50000000000.0,21000,0
1,0,697052,1450207720,2.25e+21,50000,60000000000.0,21000,0
1,0,696355,1450196314,1.18e+18,90000,50000000000.0,21000,0
0,1,697416,1450214304,0.0,90000,56540427731.0,90000,1
0,1,697304,1450212138,1.0,250000,52000000000.0,186382,0
1,0,696464,1450198298,1.12e+18,90000,50000000000.0,21000,0
0,1,696786,1450203473,1.0,250000,52000000000.0,186382,0
0,1,697410,1450214119,0.0,90000,56540427731.0,90000,1
0,1,697415,1450214254,0.0,90000,56540427731.0,90000,1
0,1,696576,1450200123,1.0,250000,52000000000.0,186382,0
0,1,697421,1450214365,0.0,90000,56024213625.0,59690,0
0,1,697409,1450214113,0.0,90000,56540427731.0,90000,1
0,1,696746,1450202751,1.0,250000,52000000000.0,186446,0
0,1,697328,1450212499,1.0,250000,52000000000.0,186382,0
0,1,696204,1450193693,1.0,250000,52000000000.0,186446,0
0,1,697418,1450214330,0.0,90000,56540427731.0,59690,0
0,1,696190,1450193531,1.0,250000,52000000000.0,186446,0
1,0,697380,1450213449,1.07e+18,25000,50000000000.0,21000,0
0,1,697387,1450213590,0.0,150000,53064977957.0,74754,0
0,1,697399,1450213863,0.0,90000,57661658451.0,90000,1
0,1,697387,1450213590,0.0,150000,53064977957.0,74754,0
0,1,697420,1450214360,0.0,90000,56024213625.0,90000,1
0,1,696229,1450194071,1.0,250000,52000000000.0,186446,0
1,0,697380,1450213449,3.68e+17,25000,50000000000.0,21000,0
0,1,697420,1450214360,0.0,90000,56024213625.0,90000,1
1,0,696692,1450201935,1.12e+18,90000,50000000000.0,21000,0
0,1,696420,1450197599,1.0,250000,52000000000.0,186318,0
0,1,696975,1450206247,1.0,250000,52000000000.0,186446,0
0,1,696581,1450200242,1.0,250000,52000000000.0,186382,0
0,1,696480,1450198555,1.0,250000,52000000000.0,186446,0
0,1,696189,1450193500,1.0,250000,52000000000.0,186382,0
0,1,697411,1450214125,0.0,90000,56540427731.0,90000,1
0,1,696068,1450191356,1.0,250000,52000000000.0,186446,0
1,0,696260,1450194651,2.04e+18,90000,50000000000.0,21000,0
0,1,697404,1450213994,0.0,90000,57661658451.0,90000,1
0,1,696249,1450194427,1.0,250000,52000000000.0,135852,0
0,1,697263,1450211307,1.0,250000,52000000000.0,186382,0
1,0,696126,1450192427,1e+18,30000,50000000000.0,21000,0
0,1,697415,1450214254,0.0,90000,56540427731.0,90000,1
0,1,697182,1450209723,1.0,250000,52000000000.0,186446,0
0,1,696980,1450206307,1.0,250000,52000000000.0,186446,0
1,0,697408,1450214044,6.02e+18,21000,73657913216.0,21000,0
0,1,696652,1450201338,1.0,250000,52000000000.0,186446,0
0,1,696033,1450190613,1.0,250000,52000000000.0,186446,0
1,0,697390,1450213666,8.52e+17,90000,61578081924.0,21000,0
0,1,696095,1450191937,1.0,250000,52000000000.0,186382,0
0,1,697414,1450214183,0.0,90000,56540427731.0,90000,1
1,0,697380,1450213449,2.49e+19,25000,50000000000.0,21000,0
0,1,696379,1450196742,1.0,250000,52000000000.0,186446,0
0,1,696635,1450201104,1.0,250000,52000000000.0,45525,0
0,1,697404,1450213994,0.0,90000,57661658451.0,59690,0
0,1,697404,1450213994,0.0,90000,57661658451.0,90000,1
0,1,696635,1450201104,1.0,250000,52000000000.0,103539,0
1,0,696884,1450204877,1.02e+18,21000,60000000000.0,21000,0
0,1,696382,1450196904,1.0,250000,52000000000.0,186446,0
1,0,697380,1450213449,1.31e+19,25000,50000000000.0,21000,0
0,1,696132,1450192556,1.0,250000,52000000000.0,186446,0
1,0,697351,1450212988,1000000000000.0,90000,50000000000.0,21000,0
1,0,696823,1450204120,1.14e+18,90000,50000000000.0,21000,0
1,0,696492,1450198749,1.04e+18,90000,52517229941.0,21000,0
0,1,696838,1450204319,1.0,250000,52000000000.0,186446,0
0,1,696273,1450194898,1.0,250000,52000000000.0,186382,0
0,1,696049,1450190998,1.0,250000,52000000000.0,186382,0
0,1,696370,1450196571,1.0,250000,52000000000.0,186446,0
0,1,696735,1450202636,1.0,250000,52000000000.0,186318,0
0,1,696331,1450195936,1.0,250000,52000000000.0,186318,0
0,1,696898,1450205053,1.0,250000,52000000000.0,186446,0
1,0,697390,1450213666,2.02e+18,90000,61578081924.0,21000,0
0,1,697317,1450212328,1.0,250000,52000000000.0,186446,0
0,1,697337,1450212710,1.0,250000,52000000000.0,186446,0
0,1,696637,1450201115,1.0,250000,52000000000.0,118347,0
0,1,696621,1450200889,1.0,250000,52000000000.0,95051,0
0,1,696401,1450197210,1.0,250000,52000000000.0,186446,0
0,1,697018,1450206942,1.0,250000,52000000000.0,186446,0
0,1,696247,1450194340,1.0,250000,52000000000.0,186446,0
0,1,697209,1450210212,1.0,250000,52000000000.0,186318,0
1,0,696283,1450195080,1.21e+19,21000,60000000000.0,21000,0
1,0,697392,1450213766,2.53e+18,25000,50000000000.0,21000,0
0,1,696361,1450196416,0.0,200000,50000000000.0,58994,0
0,1,696481,1450198562,1.0,250000,52000000000.0,186446,0
0,1,696694,1450201967,1.0,250000,52000000000.0,186446,0
0,1,696640,1450201203,1.0,250000,52000000000.0,186446,0
1,0,697372,1450213321,5.39e+18,90000,50000000000.0,21000,0
0,1,696409,1450197361,1.0,250000,52000000000.0,186382,0
1,0,696134,1450192626,1.23e+18,90000,50000000000.0,21000,0
1,0,697221,1450210521,1.55e+18,90000,50000000000.0,21000,0
0,1,697317,1450212328,1.0,250000,52000000000.0,186382,0
1,0,697370,1450213279,3.49e+19,90000,50000000000.0,21000,0
0,1,696636,1450201108,1.0,250000,52000000000.0,45589,0
1,0,697380,1450213449,2.41e+19,25000,50000000000.0,21000,0
0,1,696274,1450194913,1.0,250000,52000000000.0,121186,0
0,1,696215,1450193856,1.0,250000,52000000000.0,186382,0
0,1,697337,1450212710,1.0,250000,52000000000.0,186382,0
0,1,696082,1450191726,1.0,250000,52000000000.0,186446,0
1,0,697068,1450207888,1.2e+18,21000,60000000000.0,21000,0
0,1,696835,1450204262,1.0,250000,52000000000.0,186446,0
0,1,697413,1450214172,0.0,90000,56540427731.0,90000,1
0,1,696749,1450202823,1.0,250000,52000000000.0,186318,0
0,1,696935,1450205658,1.0,250000,52000000000.0,186446,0
1,0,696707,1450202172,1.07e+19,90000,50000000000.0,21000,0
0,1,696180,1450193302,1.0,250000,52000000000.0,186446,0
1,0,697342,1450212797,1.43e+18,90000,50000000000.0,21000,0
1,0,696970,1450206187,4.95e+18,41000,50000000000.0,21000,0
0,1,696365,1450196505,1.0,250000,52000000000.0,186382,0
0,1,697390,1450213666,1.0,250000,52000000000.0,186382,0
0,1,697403,1450213978,0.0,90000,57661658451.0,90000,1
0,1,697419,1450214339,0.0,90000,56024213625.0,90000,1
0,1,697400,1450213885,0.0,90000,57661658451.0,90000,1
1,0,696026,1450190510,2.4e+18,90000,50000000000.0,21000,0
0,1,696163,1450193093,1.0,250000,52000000000.0,186446,0
0,1,697421,1450214365,0.0,90000,56024213625.0,90000,1
0,1,697418,1450214330,0.0,90000,56540427731.0,90000,1
0,1,696939,1450205685,1.0,250000,52000000000.0,186382,0
0,1,697417,1450214322,0.0,90000,56540427731.0,90000,1
0,1,697400,1450213885,0.0,90000,57661658451.0,90000,1
0,1,696853,1450204529,1.0,250000,52000000000.0,186446,0
1,0,696904,1450205235,5.97e+18,21000,60000000000.0,21000,0
0,1,697102,1450208454,1.0,250000,52000000000.0,181322,0
0,1,696632,1450201053,1.0,250000,52000000000.0,45589,0
1,0,696046,1450190976,2.75e+18,90000,50000000000.0,21000,0
0,1,696330,1450195924,1.0,250000,52000000000.0,186382,0
0,1,697420,1450214360,0.0,90000,56024213625.0,90000,1
1,0,696618,1450200835,4.95e+18,41000,50000000000.0,21000,0
1,0,696694,1450201967,2.03e+19,90000,50000000000.0,21000,0
0,1,697414,1450214183,0.0,90000,56540427731.0,90000,1
0,1,697408,1450214044,0.0,90000,57136937358.0,90000,1
1,0,696776,1450203254,4.96e+18,21000,60000000000.0,21000,0
0,1,696272,1450194887,1.0,250000,52000000000.0,186446,0
0,1,696148,1450192762,0.0,2500000,60000000000.0,73884,0
0,1,697414,1450214183,0.0,90000,56540427731.0,90000,1
0,1,697134,1450208945,1.0,250000,52000000000.0,54655,0
0,1,697391,1450213762,1.0,250000,52000000000.0,186382,0
0,1,696326,1450195805,1.0,250000,52000000000.0,186190,0
1,0,697039,1450207489,3.12e+18,90000,50000000000.0,21000,0
0,1,696129,1450192479,1.0,250000,52000000000.0,186446,0
1,0,697380,1450213449,4.13e+17,25000,50000000000.0,21000,0
0,1,697406,1450214024,0.0,90000,57136937358.0,90000,1
1,0,696720,1450202395,2.05e+19,21000,60000000000.0,21000,0
1,0,696822,1450204100,1.85e+22,21000,50000000000.0,21000,0
0,1,697406,1450214024,0.0,90000,57136937358.0,90000,1
0,1,696635,1450201104,1.0,250000,52000000000.0,45589,0
1,0,697353,1450213014,10000000000.0,90000,50000000000.0,21000,0
1,0,697206,1450210170,1.87e+18,90000,50000000000.0,21000,0
1,0,696762,1450203057,1.21e+18,90000,50000000000.0,21000,0
0,1,697407,1450214026,0.0,90000,57136937358.0,90000,1
0,1,696361,1450196416,1.0,250000,52000000000.0,186318,0
1,0,696293,1450195208,1.02e+18,90000,50000000000.0,21000,0
0,1,696576,1450200123,1.0,250000,52000000000.0,186446,0
0,1,697416,1450214304,0.0,90000,56540427731.0,90000,1
0,1,696441,1450197896,1.0,250000,52000000000.0,186446,0
0,1,696138,1450192695,1.0,250000,52000000000.0,186446,0
0,1,696382,1450196904,0.0,90000,50000000000.0,21272,0
0,1,697332,1450212618,1.0,250000,52000000000.0,186318,0
0,1,697278,1450211561,1.0,250000,52000000000.0,186382,0
0,1,696980,1450206307,1.0,250000,52000000000.0,186318,0
1,0,696099,1450191980,1.42e+19,21000,500000000000.0,21000,0
0,1,697188,1450209802,1.0,250000,52000000000.0,186446,0
0,1,697090,1450208298,1.0,250000,52000000000.0,186446,0
0,1,697264,1450211340,1.0,250000,52000000000.0,186382,0
1,0,697275,1450211518,2.12e+19,90000,50000000000.0,21000,0
1,0,697380,1450213449,9.11e+17,25000,50000000000.0,21000,0
1,0,697355,1450213078,2e+19,21000,60000000000.0,21000,0
0,1,696116,1450192321,1.0,250000,52000000000.0,186382,0
0,1,696961,1450206074,1.0,250000,52000000000.0,186446,0
0,1,696378,1450196705,1.0,250000,52000000000.0,186446,0
1,0,696961,1450206074,3.73e+18,21000,60000000000.0,21000,0
1,0,697391,1450213762,1.06e+18,21000,71986792679.0,21000,0
1,0,696203,1450193647,4.96e+18,21000,60000000000.0,21000,0
1,0,697412,1450214147,3.06e+18,21000,78179487301.0,21000,0
1,0,697380,1450213449,5.5e+18,25000,50000000000.0,21000,0
0,1,696498,1450198913,1.0,250000,52000000000.0,186382,0
1,0,697355,1450213078,1.94e+18,21000,60000000000.0,21000,0
0,1,697329,1450212541,1.0,250000,52000000000.0,186318,0
0,1,697410,1450214119,0.0,90000,56540427731.0,90000,1
1,0,696163,1450193093,9.99e+17,21000,60000000000.0,21000,0
1,0,696915,1450205367,4.95e+18,41000,50000000000.0,21000,0
1,0,696788,1450203601,1.44e+16,90000,50000000000.0,21000,0
1,0,696082,1450191726,1.06e+18,90000,50000000000.0,21000,0
1,0,697391,1450213762,8.23e+17,90000,61578081924.0,21000,0
0,1,697415,1450214254,0.0,90000,56540427731.0,90000,1
0,1,696779,1450203286,1.0,250000,52000000000.0,186382,0
0,1,696923,1450205518,1.0,250000,52000000000.0,186446,0
0,1,696299,1450195280,0.0,3000000,50000000000.0,42447,0
0,1,696317,1450195609,1.0,250000,52000000000.0,186446,0
1,0,697380,1450213449,1.19e+19,25000,50000000000.0,21000,0
0,1,696612,1450200729,1.0,250000,52000000000.0,186446,0
0,1,696634,1450201071,1.0,250000,52000000000.0,118475,0
1,0,696693,1450201946,1.25e+18,90000,50000000000.0,21000,0
1,0,696884,1450204877,5.98e+18,90000,50000000000.0,21000,0
1,0,697355,1450213078,1.32e+18,90000,50000000000.0,21000,0
0,1,697401,1450213897,0.0,90000,57661658451.0,90000,1
1,0,697187,1450209773,2.03e+19,50000,60000000000.0,21000,0
0,1,696700,1450202065,1.0,250000,52000000000.0,186446,0
0,1,697415,1450214254,0.0,90000,56540427731.0,90000,1
0,1,697412,1450214147,0.0,90000,56540427731.0,90000,1
0,1,696791,1450203624,1.0,250000,52000000000.0,186382,0
1,0,697246,1450210934,4.95e+18,22050,50000000000.0,21000,0
0,1,696062,1450191216,1.0,250000,52000000000.0,186446,0
0,1,697400,1450213885,0.0,90000,57661658451.0,90000,1
0,1,696217,1450193891,1.0,250000,52000000000.0,186446,0
0,1,697074,1450208014,1.0,250000,52000000000.0,121250,0
0,1,696423,1450197631,1.0,250000,52000000000.0,186382,0
1,0,696317,1450195609,1.66e+18,21000,60000000000.0,21000,0
0,1,697399,1450213863,0.0,90000,57661658451.0,90000,1
0,1,697402,1450213907,0.0,90000,57661658451.0,90000,1
1,0,697123,1450208749,5.05e+18,90000,50000000000.0,21000,0
0,1,696335,1450196021,1.0,250000,52000000000.0,186318,0
1,0,697187,1450209773,1.38e+19,21000,60000000000.0,21000,0
0,1,697421,1450214365,0.0,90000,56024213625.0,90000,1
0,1,696861,1450204628,0.0,300000,50000000000.0,219845,0
0,1,696195,1450193587,1.0,250000,52000000000.0,186446,0
0,1,696724,1450202464,1.0,250000,52000000000.0,186446,0
0,1,696232,1450194129,1.0,250000,52000000000.0,186254,0
1,0,697390,1450213666,6.57e+17,90000,61578081924.0,21000,0
0,1,696630,1450201026,1.0,250000,52000000000.0,118603,0
1,0,696080,1450191681,1.14e+18,21000,60000000000.0,21000,0
0,1,697166,1450209421,1.0,250000,52000000000.0,181322,0
0,1,697411,1450214125,0.0,90000,56540427731.0,90000,1
1,0,697165,1450209396,6.07e+18,21000,60000000000.0,21000,0
0,1,697412,1450214147,0.0,90000,56540427731.0,90000,1
1,0,696943,1450205786,1.47e+16,21000,50000000000.0,21000,0
1,0,696623,1450200933,1.1e+16,21000,50000000000.0,21000,0
0,1,697007,1450206769,1.0,250000,52000000000.0,186446,0
0,1,696803,1450203848,1.0,250000,52000000000.0,186318,0
0,1,696850,1450204464,1.0,250000,52000000000.0,186382,0
0,1,696364,1450196486,9e+18,129244,50000000000.0,29244,0
1,0,697380,1450213449,2.01e+18,25000,50000000000.0,21000,0
0,1,697402,1450213907,0.0,90000,57661658451.0,90000,1
0,1,696762,1450203057,1.0,250000,52000000000.0,186446,0
0,1,697398,1450213858,0.0,90000,57661658451.0,90000,1
0,1,697332,1450212618,0.0,200000,50000000000.0,58930,0
1,0,697372,1450213321,5.8e+17,90000,50000000000.0,21000,0
1,0,696720,1450202395,4.42e+18,21000,60000000000.0,21000,0
1,0,697382,1450213478,1.5e+18,25000,50000000000.0,21000,0
0,1,696296,1450195258,1.0,250000,52000000000.0,54591,0
1,0,697039,1450207489,3.2e+18,22050,50000000000.0,21000,0
0,1,697419,1450214339,0.0,90000,56024213625.0,90000,1
0,1,697403,1450213978,0.0,90000,57661658451.0,90000,1
1,0,697166,1450209421,1.2e+18,21000,60000000000.0,21000,0
0,1,697388,1450213596,1.0,250000,52000000000.0,186382,0
0,1,697418,1450214330,0.0,90000,56540427731.0,90000,1
0,1,696075,1450191594,1.0,250000,52000000000.0,186446,0
1,0,697380,1450213449,1.33e+18,25000,50000000000.0,21000,0
0,1,697153,1450209282,1.0,250000,52000000000.0,181194,0
0,1,696027,1450190513,1.0,250000,52000000000.0,186382,0
0,1,696767,1450203116,1.0,250000,52000000000.0,186318,0
1,0,697373,1450213343,3.71e+19,50000,60000000000.0,21000,0
1,0,697088,1450208263,2.78e+18,22050,50000000000.0,21000,0
0,1,697405,1450214020,0.0,90000,57661658451.0,90000,1
0,1,696729,1450202525,1.0,250000,52000000000.0,186446,0
0,1,697134,1450208945,1.0,250000,52000000000.0,186446,0
0,1,696407,1450197346,1.0,250000,52000000000.0,186382,0
0,1,697386,1450213556,0.0,150000,53064977957.0,74690,0
0,1,697385,1450213539,0.0,150000,53064977957.0,74690,0
1,0,697391,1450213762,1.2e+17,90000,61578081924.0,21000,0
0,1,696086,1450191836,1.0,250000,52000000000.0,186446,0
1,0,697088,1450208263,3.59e+18,21000,60000000000.0,21000,0
0,1,696444,1450197911,1.0,250000,52000000000.0,186446,0
1,0,696303,1450195350,1.02e+18,21000,60000000000.0,21000,0
0,1,696924,1450205544,1.0,250000,52000000000.0,186382,0
0,1,697398,1450213858,0.0,90000,57661658451.0,90000,1
0,1,696031,1450190562,1.0,250000,52000000000.0,186446,0
1,0,696784,1450203388,1.01e+19,21000,60000000000.0,21000,0
1,0,697069,1450207901,1.02e+18,90000,50000000000.0,21000,0
1,0,696700,1450202065,3.04e+18,90000,50000000000.0,21000,0
0,1,696190,1450193531,1.0,250000,52000000000.0,186446,0
0,1,696613,1450200764,1.0,250000,52000000000.0,186446,0
1,0,696262,1450194698,3.3e+17,90000,50000000000.0,21000,0
1,0,697187,1450209773,3.64e+19,90000,50000000000.0,21000,0
0,1,697130,1450208893,1.0,250000,52000000000.0,181322,0
0,1,697406,1450214024,0.0,90000,57136937358.0,90000,1
0,1,696141,1450192706,1.0,250000,52000000000.0,186318,0
0,1,697406,1450214024,0.0,90000,57136937358.0,90000,1
1,0,696719,1450202371,1.88e+19,21000,60000000000.0,21000,0
1,0,696149,1450192807,1.09e+18,21000,60000000000.0,21000,0
1,0,696057,1450191113,1.2e+19,90000,50000000000.0,21000,0
0,1,696165,1450193102,0.0,2500000,60000000000.0,73884,0
1,0,696235,1450194164,2.05e+19,90000,50000000000.0,21000,0
0,1,696904,1450205235,1.0,250000,52000000000.0,120852,0
0,1,696635,1450201104,1.0,250000,52000000000.0,45589,0
0,1,697409,1450214113,0.0,90000,57136937358.0,90000,1
0,1,696552,1450199785,0.0,90000,54628215748.0,28172,0
0,1,696669,1450201676,1.0,250000,52000000000.0,186446,0
0,1,697172,1450209500,0.0,150000,50000000000.0,59626,0
1,0,696283,1450195080,5.57e+18,21000,60000000000.0,21000,0
0,1,697412,1450214147,0.0,90000,56540427731.0,90000,1
0,1,697330,1450212568,1.0,250000,52000000000.0,186254,0
1,0,697187,1450209773,3.01e+19,21000,60000000000.0,21000,0
1,0,696455,1450198121,1.38e+18,90000,50000000000.0,21000,0
1,0,697394,1450213792,3.74e+18,21000,70734212033.0,21000,0
1,0,697341,1450212741,1.35e+18,21000,60000000000.0,21000,0
0,1,697413,1450214172,0.0,90000,56540427731.0,90000,1
1,0,697394,1450213792,1.79e+19,21000,71321054525.0,21000,0
1,0,697155,1450209294,1.47e+18,90000,50000000000.0,21000,0
1,0,697397,1450213834,1.72e+18,25000,50000000000.0,21000,0
1,0,696992,1450206565,5.16e+18,200000,50000000000.0,21000,0
1,0,697388,1450213596,9.57e+17,25000,50000000000.0,21000,0
0,1,696502,1450199008,1.0,250000,52000000000.0,186446,0
0,1,696284,1450195088,1.0,250000,52000000000.0,186318,0
0,1,696152,1450192841,1.0,250000,52000000000.0,186382,0
1,0,697066,1450207857,3.59e+18,90000,50000000000.0,21000,0
0,1,696462,1450198232,0.0,200000,50000000000.0,58994,0
0,1,696654,1450201342,1.0,250000,52000000000.0,186318,0
0,1,697410,1450214119,0.0,90000,56540427731.0,90000,1
1,0,697088,1450208263,1e+19,21000,60000000000.0,21000,0
1,0,696283,1450195080,5.46e+18,21000,60000000000.0,21000,0
1,0,696490,1450198720,2e+20,21000,64132840938.0,21000,0
0,1,697407,1450214026,0.0,90000,57136937358.0,90000,1
0,1,697405,1450214020,0.0,90000,57661658451.0,90000,1
1,0,696095,1450191937,1.13e+18,90000,50000000000.0,21000,0
0,1,696191,1450193537,1.0,250000,52000000000.0,186382,0
0,1,696471,1450198427,1.0,250000,52000000000.0,186446,0
0,1,697385,1450213539,0.0,150000,53064977957.0,74754,0
0,1,696627,1450200997,1.0,250000,52000000000.0,186446,0
1,0,697372,1450213321,1.29e+17,90000,50000000000.0,21000,0
0,1,697064,1450207853,0.0,3000000,50000000000.0,42447,0
0,1,696382,1450196904,1.0,250000,52000000000.0,186446,0
0,1,697204,1450210114,1.0,250000,52000000000.0,186446,0
1,0,696422,1450197619,5.02e+18,41000,50000000000.0,21000,0
0,1,697421,1450214365,0.0,90000,56024213625.0,90000,1
1,0,697140,1450209091,4.91e+18,90000,50000000000.0,21000,0
0,1,697274,1450211468,1.0,250000,52000000000.0,186446,0
0,1,697213,1450210262,1.0,250000,52000000000.0,186446,0
0,1,696418,1450197557,1.0,250000,52000000000.0,186446,0
0,1,697387,1450213590,0.0,150000,53064977957.0,74626,0
0,1,696635,1450201104,1.0,250000,52000000000.0,45589,0
0,1,696177,1450193269,1.0,250000,52000000000.0,186446,0
1,0,697391,1450213762,1.6e+18,90000,61578081924.0,21000,0
0,1,696260,1450194651,0.0,200000,50000000000.0,58994,0
1,0,696283,1450195080,6.13e+18,21000,60000000000.0,21000,0
0,1,696149,1450192807,1.0,250000,52000000000.0,186446,0
0,1,696268,1450194820,1.0,250000,52000000000.0,121250,0
1,0,696490,1450198720,1.07e+18,21000,64132840938.0,21000,0
0,1,697027,1450207236,1.0,250000,52000000000.0,186382,0
1,0,697355,1450213078,2e+19,21000,60000000000.0,21000,0
0,1,697216,1450210327,1.0,250000,52000000000.0,186446,0
1,0,697398,1450213858,7.44e+18,25000,50000000000.0,21000,0
1,0,696264,1450194731,1.04e+18,90000,50000000000.0,21000,0
1,0,697380,1450213449,1.17e+17,25000,50000000000.0,21000,0
0,1,696640,1450201203,1.0,250000,52000000000.0,186446,0
0,1,697085,1450208173,1.0,250000,52000000000.0,186446,0
0,1,696621,1450200889,1.0,250000,52000000000.0,186446,0
1,0,697380,1450213449,3.29e+18,25000,50000000000.0,21000,0
0,1,697402,1450213907,0.0,90000,57661658451.0,90000,1
0,1,696319,1450195624,1.0,250000,52000000000.0,186318,0
0,1,697058,1450207777,1.0,250000,52000000000.0,186446,0
0,1,697181,1450209691,1.0,250000,52000000000.0,186382,0
1,0,696701,1450202085,1.23e+18,21000,60000000000.0,21000,0
1,0,696718,1450202366,5.06e+18,21000,60000000000.0,21000,0
0,1,696382,1450196904,1.0,250000,52000000000.0,186446,0
0,1,697224,1450210549,1.0,250000,52000000000.0,186318,0
0,1,697420,1450214360,0.0,90000,56024213625.0,90000,1
0,1,697221,1450210521,1.0,250000,52000000000.0,186446,0
0,1,696986,1450206462,1.0,250000,52000000000.0,186446,0
0,1,696578,1450200188,1.0,250000,52000000000.0,186446,0
1,0,696113,1450192257,6e+21,21000,60000000000.0,21000,0
0,1,696057,1450191113,0.0,179907,50000000000.0,169907,0
0,1,697044,1450207568,1.0,250000,52000000000.0,186446,0
0,1,696575,1450200115,1.0,250000,52000000000.0,186446,0
1,0,696284,1450195088,5.07e+19,21000,60000000000.0,21000,0
1,0,697323,1450212424,1.35e+18,90000,50000000000.0,21000,0
0,1,696654,1450201342,1.0,250000,52000000000.0,186382,0
0,1,696724,1450202464,1.0,250000,52000000000.0,186382,0
1,0,696655,1450201380,1000000000000000.0,21000,50000000000.0,21000,0
0,1,696904,1450205235,1.0,250000,52000000000.0,186190,0
1,0,697380,1450213449,4.7e+17,25000,50000000000.0,21000,0
0,1,696322,1450195698,1.0,250000,52000000000.0,186382,0
0,1,697421,1450214365,0.0,90000,56024213625.0,90000,1
1,0,696244,1450194261,2.38e+21,21000,60000000000.0,21000,0
1,0,696584,1450200345,1.86e+16,21000,50000000000.0,21000,0
0,1,696224,1450193979,1.0,250000,52000000000.0,54463,0
0,1,696241,1450194246,1.0,250000,52000000000.0,186382,0
1,0,696238,1450194193,6.7e+18,90000,50000000000.0,21000,0
0,1,696046,1450190976,1.0,250000,52000000000.0,186446,0
1,0,697351,1450212988,1.33e+18,90000,50000000000.0,21000,0
0,1,696190,1450193531,1.0,250000,52000000000.0,186382,0
1,0,697380,1450213449,9.66e+17,25000,50000000000.0,21000,0
0,1,696375,1450196668,1.0,250000,52000000000.0,186446,0
1,0,696284,1450195088,1.39e+18,21000,60000000000.0,21000,0
1,0,696075,1450191594,1.14e+18,90000,50000000000.0,21000,0
1,0,697368,1450213219,1.07e+16,21000,50000000000.0,21000,0
0,1,696030,1450190550,1.0,250000,52000000000.0,186446,0
0,1,696149,1450192807,1.0,250000,52000000000.0,186446,0
0,1,696294,1450195213,0.0,200000,50000000000.0,58930,0
0,1,697050,1450207671,1.0,250000,52000000000.0,186446,0
0,1,697404,1450213994,0.0,90000,57661658451.0,90000,1
1,0,696502,1450199008,2e+18,21000,60000000000.0,21000,0
0,1,696480,1450198555,1.0,250000,52000000000.0,186446,0
0,1,697073,1450207949,1.0,250000,52000000000.0,90728,0
1,0,697112,1450208555,4.95e+18,41000,50000000000.0,21000,0
0,1,696150,1450192816,0.0,200000,50000000000.0,58994,0
1,0,696495,1450198836,8540000000000000.0,21000,50000000000.0,21000,0
0,1,696913,1450205352,1.0,250000,52000000000.0,186446,0
0,1,696469,1450198391,1.0,250000,52000000000.0,186446,0
1,0,696722,1450202416,5.09e+19,90000,50000000000.0,21000,0
0,1,697371,1450213310,1.0,250000,52000000000.0,186446,0
0,1,696896,1450205013,1.0,250000,52000000000.0,186446,0
0,1,697412,1450214147,0.0,90000,56540427731.0,90000,1
0,1,697407,1450214026,0.0,90000,57136937358.0,90000,1
0,1,697269,1450211417,1.0,250000,52000000000.0,186382,0
0,1,696688,1450201909,1.0,250000,52000000000.0,186446,0
1,0,696407,1450197346,9.98e+17,90000,50000000000.0,21000,0
0,1,697265,1450211381,1.0,250000,52000000000.0,186254,0
0,1,697090,1450208298,1.0,250000,52000000000.0,186446,0
0,1,697406,1450214024,0.0,90000,57136937358.0,90000,1
0,1,697421,1450214365,0.0,90000,56024213625.0,90000,1
1,0,696735,1450202636,1.07e+18,90000,50000000000.0,21000,0
0,1,697406,1450214024,0.0,90000,57136937358.0,90000,1
0,1,696257,1450194536,1.0,250000,52000000000.0,186446,0
0,1,696249,1450194427,1.0,250000,52000000000.0,186446,0
1,0,696030,1450190550,4.96e+18,41000,50000000000.0,21000,0
0,1,696316,1450195577,1.0,250000,52000000000.0,121250,0
0,1,696179,1450193294,1.0,250000,52000000000.0,186446,0
1,0,697380,1450213449,3.41e+17,25000,50000000000.0,21000,0
0,1,697282,1450211636,1.0,250000,52000000000.0,186318,0
0,1,697206,1450210170,1.0,250000,52000000000.0,186382,0
0,1,697415,1450214254,0.0,90000,56540427731.0,90000,1
0,1,696636,1450201108,1.0,250000,52000000000.0,45461,0
0,1,696757,1450202980,1.0,250000,52000000000.0,186446,0
0,1,697130,1450208893,1.0,250000,52000000000.0,186382,0
1,0,696878,1450204807,1.03e+18,90000,50000000000.0,21000,0
1,0,696287,1450195107,2.11e+19,21000,60000000000.0,21000,0
1,0,697058,1450207777,1.59e+16,90000,50000000000.0,21000,0
0,1,696231,1450194090,1.0,250000,52000000000.0,186446,0
1,0,696913,1450205352,1.19e+18,22050,50000000000.0,21000,0
0,1,696749,1450202823,1.0,250000,52000000000.0,186446,0
1,0,697383,1450213494,3.05e+18,22050,54170635748.0,21000,0
0,1,697404,1450213994,0.0,90000,57661658451.0,90000,1
0,1,696328,1450195834,1.0,250000,52000000000.0,186446,0
0,1,697171,1450209487,1.0,250000,52000000000.0,186446,0
0,1,696779,1450203286,1.0,250000,52000000000.0,186446,0
0,1,696629,1450201018,1.0,250000,52000000000.0,45589,0
1,0,697162,1450209344,4.18e+18,90000,50000000000.0,21000,0
1,0,696726,1450202506,1.25e+18,90000,50000000000.0,21000,0
0,1,697402,1450213907,0.0,90000,57661658451.0,90000,1
0,1,696947,1450205866,1.0,250000,52000000000.0,62858,0
1,0,697303,1450212030,3.31e+20,90000,50000000000.0,21000,0
0,1,696212,1450193815,1.0,250000,52000000000.0,186446,0
1,0,697275,1450211518,1.03e+18,90000,50000000000.0,21000,0
0,1,697417,1450214322,0.0,90000,56540427731.0,90000,1
0,1,696447,1450197938,1.0,250000,52000000000.0,186446,0
0,1,697403,1450213978,0.0,90000,57661658451.0,90000,1
0,1,696713,1450202288,1.0,250000,52000000000.0,186446,0
0,1,696321,1450195667,1.0,250000,52000000000.0,186446,0
1,0,696471,1450198427,1.38e+18,21000,60000000000.0,21000,0
1,0,696575,1450200115,7.53e+19,21000,60000000000.0,21000,0
0,1,697404,1450213994,0.0,90000,57661658451.0,90000,1
0,1,697411,1450214125,0.0,90000,56540427731.0,90000,1
0,1,697416,1450214304,0.0,90000,56540427731.0,90000,1
0,1,697178,1450209655,1.0,250000,52000000000.0,186446,0
1,0,697391,1450213762,5.1e+17,90000,61578081924.0,21000,0
0,1,696415,1450197447,1.0,250000,52000000000.0,186382,0
1,0,697110,1450208534,3.38e+18,21000,60000000000.0,21000,0
0,1,697059,1450207801,0.0,90000,50000000000.0,90000,1
0,1,696222,1450193951,1.0,250000,52000000000.0,186446,0
1,0,697380,1450213449,1.24e+18,25000,50000000000.0,21000,0
1,0,696839,1450204331,1.13e+18,21000,60000000000.0,21000,0
0,1,697264,1450211340,1.0,250000,52000000000.0,186446,0
0,1,696873,1450204768,1.0,250000,52000000000.0,186446,0
1,0,697013,1450206865,3.3e+18,21000,60000000000.0,21000,0
0,1,696182,1450193355,1.0,250000,52000000000.0,186190,0
1,0,697380,1450213449,3.47e+18,25000,50000000000.0,21000,0
1,0,697051,1450207684,3.22e+18,21000,60000000000.0,21000,0
0,1,696059,1450191181,1.0,250000,52000000000.0,186446,0
1,0,696704,1450202116,5.06e+18,90000,50000000000.0,21000,0
0,1,697398,1450213858,0.0,90000,57661658451.0,90000,1
1,0,696203,1450193647,1.05e+18,21000,60000000000.0,21000,0
0,1,696062,1450191216,1.0,250000,52000000000.0,186446,0
1,0,697129,1450208827,2.45e+18,90000,50000000000.0,21000,0
1,0,697355,1450213078,1.43e+18,21000,60000000000.0,21000,0
0,1,697132,1450208903,1.0,250000,52000000000.0,186446,0
0,1,697386,1450213556,0.0,150000,53064977957.0,74754,0
0,1,696123,1450192409,1.0,250000,52000000000.0,186382,0
0,1,696630,1450201026,1.0,250000,52000000000.0,45589,0
0,1,697401,1450213897,0.0,90000,57661658451.0,90000,1
0,1,697342,1450212797,1.0,250000,52000000000.0,186446,0
1,0,697380,1450213449,9.19e+18,25000,50000000000.0,21000,0
0,1,697416,1450214304,0.0,90000,56540427731.0,90000,1
0,1,696640,1450201203,1.0,250000,52000000000.0,186446,0
0,1,696249,1450194427,1.0,250000,52000000000.0,186382,0
1,0,696407,1450197346,3.53e+20,21000,60000000000.0,21000,0
1,0,696036,1450190664,3.71e+18,41000,50000000000.0,21000,0
1,0,697380,1450213449,6.82e+18,25000,50000000000.0,21000,0
0,1,696790,1450203616,1.0,250000,52000000000.0,186190,0
1,0,696383,1450196913,1.19e+16,90000,50000000000.0,21000,0
0,1,696372,1450196586,1.0,250000,52000000000.0,121122,0
0,1,697411,1450214125,0.0,90000,56540427731.0,90000,1
0,1,697400,1450213885,0.0,90000,57661658451.0,90000,1
0,1,696636,1450201108,1.0,250000,52000000000.0,118475,0
0,1,696635,1450201104,1.0,250000,52000000000.0,118539,0
1,0,696263,1450194700,1.17e+18,90000,50000000000.0,21000,0
1,0,696173,1450193218,1.11e+18,90000,50000000000.0,21000,0
0,1,696636,1450201108,1.0,250000,52000000000.0,45589,0
0,1,696603,1450200572,1.0,250000,52000000000.0,178941,0
0,1,696404,1450197266,1.0,250000,52000000000.0,186382,0
0,1,696924,1450205544,0.0,90000,50000000000.0,10692,0
0,1,696632,1450201053,1.0,250000,52000000000.0,45525,0
1,0,697400,1450213885,3.09e+18,21000,67176557931.0,21000,0
1,0,696284,1450195088,2.42e+18,21000,60000000000.0,21000,0
0,1,697246,1450210934,1.0,250000,52000000000.0,186446,0
1,0,696384,1450196918,1.06e+18,90000,50000000000.0,21000,0
1,0,697192,1450209987,1.77e+18,21000,60000000000.0,21000,0
1,0,697298,1450211937,1.04e+18,90000,50000000000.0,21000,0
1,0,696884,1450204877,7.03e+18,21000,60000000000.0,21000,0
0,1,696272,1450194887,1.0,250000,52000000000.0,186318,0
0,1,697404,1450213994,0.0,90000,57661658451.0,90000,1
1,0,696410,1450197372,4.99e+18,41000,50000000000.0,21000,0
0,1,696964,1450206101,1.0,250000,52000000000.0,186446,0
1,0,696898,1450205053,6.14e+18,90000,50000000000.0,21000,0
0,1,697410,1450214119,0.0,90000,56540427731.0,90000,1
0,1,697401,1450213897,0.0,90000,57661658451.0,90000,1
1,0,697141,1450209123,2.45e+18,21000,60000000000.0,21000,0
1,0,697184,1450209731,4.18e+18,21000,60000000000.0,21000,0
0,1,697413,1450214172,0.0,90000,56540427731.0,90000,1
0,1,697417,1450214322,0.0,90000,56540427731.0,59754,0
1,0,697380,1450213449,5.96e+18,25000,50000000000.0,21000,0
0,1,697419,1450214339,0.0,90000,56024213625.0,90000,1
0,1,697413,1450214172,0.0,90000,56540427731.0,90000,1
0,1,697407,1450214026,0.0,90000,57136937358.0,90000,1
0,1,697401,1450213897,0.0,90000,57661658451.0,90000,1
0,1,697221,1450210521,1.0,250000,52000000000.0,186446,0
0,1,696375,1450196668,1.0,250000,52000000000.0,186446,0
1,0,697391,1450213762,1.34e+17,90000,61578081924.0,21000,0
0,1,697402,1450213907,0.0,90000,57661658451.0,90000,1
0,1,696075,1450191594,1.0,250000,52000000000.0,186446,0
0,1,697420,1450214360,0.0,90000,56024213625.0,90000,1
0,1,697242,1450210803,1.0,250000,52000000000.0,186446,0
0,1,697095,1450208367,1.0,250000,52000000000.0,121250,0
1,0,696500,1450198955,9.43e+17,22050,50000000000.0,21000,0
1,0,696086,1450191836,1.14e+18,90000,50000000000.0,21000,0
1,0,697168,1450209460,1.09e+19,90000,50000000000.0,21000,0
0,1,697026,1450207195,1.0,250000,52000000000.0,186382,0
1,0,697123,1450208749,2.6e+18,90000,50000000000.0,21000,0
0,1,696611,1450200714,1.0,250000,52000000000.0,186382,0
0,1,696091,1450191886,0.0,2500000,60000000000.0,223806,0
1,0,696252,1450194448,1.24e+18,90000,50000000000.0,21000,0
1,0,697302,1450212024,1.17e+18,90000,50000000000.0,21000,0
0,1,697061,1450207822,1.0,250000,52000000000.0,186446,0
0,1,697289,1450211737,1.0,250000,52000000000.0,186382,0
0,1,696369,1450196566,1.0,250000,52000000000.0,94923,0
1,0,697390,1450213666,3.47e+18,21000,72586370105.0,21000,0
0,1,696635,1450201104,1.0,250000,52000000000.0,45589,0
1,0,697165,1450209396,2.6e+18,21000,60000000000.0,21000,0
1,0,696837,1450204307,2.03e+19,90000,50000000000.0,21000,0
0,1,696998,1450206616,0.0,200000,50000000000.0,58994,0
1,0,696607,1450200664,1.04e+18,90000,50000000000.0,21000,0
0,1,697405,1450214020,0.0,90000,57661658451.0,90000,1
0,1,697413,1450214172,0.0,90000,56540427731.0,90000,1
0,1,696632,1450201053,1.0,250000,52000000000.0,45589,0
0,1,696852,1450204504,1.0,250000,52000000000.0,186446,0
0,1,696088,1450191860,1.14e+18,90000,50000000000.0,29244,0
1,0,697262,1450211284,1.22e+18,90000,50000000000.0,21000,0
1,0,697399,1450213863,2.64e+18,21000,67176557931.0,21000,0
1,0,696851,1450204479,2.23e+16,90000,50000000000.0,21000,0
1,0,696286,1450195094,1.23e+18,21000,60000000000.0,21000,0
1,0,697391,1450213762,8.37e+17,90000,61578081924.0,21000,0
1,0,696125,1450192422,4.98e+18,41000,50000000000.0,21000,0
1,0,697381,1450213462,8.07e+17,25000,50000000000.0,21000,0
1,0,697390,1450213666,1.87e+18,90000,61578081924.0,21000,0
0,1,696630,1450201026,1.0,250000,52000000000.0,103539,0
0,1,697410,1450214119,0.0,90000,56540427731.0,90000,1
1,0,696039,1450190746,1.78e+17,21000,50000000000.0,21000,0
1,0,696701,1450202085,1.05e+18,90000,50000000000.0,21000,0
1,0,697225,1450210555,1.76e+18,21000,60000000000.0,21000,0
0,1,696075,1450191594,1.0,250000,52000000000.0,186446,0
1,0,697090,1450208298,3.18e+18,90000,50000000000.0,21000,0
0,1,696157,1450192984,6e+17,324373,50000000000.0,224373,0
1,0,696330,1450195924,4.99e+18,21000,60000000000.0,21000,0
1,0,696642,1450201216,9.99e+17,21000,50000000000.0,21000,0
1,0,696439,1450197848,5.02e+18,21000,60000000000.0,21000,0
0,1,696636,1450201108,1.0,250000,52000000000.0,186446,0
0,1,697404,1450213994,0.0,90000,57661658451.0,90000,1
0,1,696362,1450196435,1.0,250000,52000000000.0,186446,0
0,1,697326,1450212481,1.0,250000,52000000000.0,186190,0
0,1,697416,1450214304,0.0,90000,56540427731.0,90000,1
0,1,697406,1450214024,0.0,90000,57136937358.0,90000,1
0,1,696133,1450192614,1.0,250000,52000000000.0,186382,0
0,1,696057,1450191113,1.0,250000,52000000000.0,186446,0
1,0,696833,1450204230,4.03e+18,22050,50000000000.0,21000,0
0,1,696919,1450205448,1.0,250000,52000000000.0,62858,0
1,0,696904,1450205235,4.83e+18,90000,50000000000.0,21000,0
0,1,696322,1450195698,1.0,250000,52000000000.0,121122,0
1,0,696701,1450202085,1.02e+18,90000,50000000000.0,21000,0
1,0,696276,1450194977,9.18e+19,250000,50000000000.0,21000,0
0,1,696462,1450198232,1.0,250000,52000000000.0,186382,0
0,1,697407,1450214026,0.0,90000,57136937358.0,90000,1
0,1,697126,1450208786,1.0,250000,52000000000.0,121250,0
1,0,696520,1450199264,1.12e+18,21000,60000000000.0,21000,0
1,0,697161,1450209339,2.76e+18,90000,50000000000.0,21000,0
1,0,696263,1450194700,1.12e+18,90000,50000000000.0,21000,0
0,1,697406,1450214024,0.0,90000,57136937358.0,90000,1
1,0,696564,1450199932,3.33e+18,90000,50000000000.0,21000,0
1,0,697409,1450214113,1.73e+18,21000,73657913216.0,21000,0
0,1,697415,1450214254,0.0,90000,56540427731.0,90000,1
0,1,697411,1450214125,0.0,90000,56540427731.0,90000,1
0,1,697387,1450213590,0.0,150000,53064977957.0,74690,0
0,1,697419,1450214339,0.0,90000,56024213625.0,90000,1
0,1,697420,1450214360,0.0,90000,56024213625.0,90000,1
0,1,696220,1450193915,1.0,250000,52000000000.0,186126,0
0,1,696529,1450199437,0.0,200000,50000000000.0,58994,0
1,0,697390,1450213666,4.87e+19,90000,61578081924.0,21000,0
0,1,697408,1450214044,0.0,90000,57136937358.0,59690,0
1,0,697391,1450213762,8.87e+17,90000,61578081924.0,21000,0
1,0,696269,1450194826,1.18e+18,21000,60000000000.0,21000,0
1,0,696736,1450202650,2.05e+19,21000,60000000000.0,21000,0
0,1,696204,1450193693,1.0,250000,52000000000.0,186382,0
0,1,696632,1450201053,1.0,250000,52000000000.0,118539,0
0,1,697385,1450213539,0.0,150000,53064977957.0,74754,0
0,1,696386,1450196947,1.0,250000,52000000000.0,186382,0
0,1,696579,1450200196,1.0,250000,52000000000.0,186382,0
1,0,696245,1450194268,2.19e+20,21000,60000000000.0,21000,0
0,1,696630,1450201026,1.0,250000,52000000000.0,118539,0
1,0,697391,1450213762,4.66e+17,90000,61578081924.0,21000,0
0,1,697406,1450214024,0.0,90000,57136937358.0,90000,1
0,1,696029,1450190531,1.0,250000,52000000000.0,186382,0
0,1,696998,1450206616,1000000000000000.0,3000000,50000000000.0,3000000,1
1,0,696238,1450194193,2e+18,90000,50000000000.0,21000,0
1,0,697246,1450210934,1.56e+18,21000,50000000000.0,21000,0
0,1,697410,1450214119,0.0,90000,56540427731.0,90000,1
1,0,697390,1450213666,8.03e+17,90000,61578081924.0,21000,0
0,1,696575,1450200115,1.0,250000,52000000000.0,186446,0
0,1,697412,1450214147,0.0,90000,56540427731.0,90000,1
0,1,696075,1450191594,1e+18,90000,50000000000.0,29244,0
0,1,696827,1450204170,1.0,250000,52000000000.0,186382,0
0,1,696077,1450191641,1.0,250000,52000000000.0,95051,0
0,1,696635,1450201104,1.0,250000,52000000000.0,45525,0
1,0,697342,1450212797,6e+19,21000,60000000000.0,21000,0
1,0,697386,1450213556,4.96e+18,22050,52690302333.0,21000,0
0,1,696557,1450199848,0.0,2800000,52006519348.0,1539428,0
0,1,696606,1450200646,1.0,250000,52000000000.0,186382,0
0,1,696038,1450190707,1.0,250000,52000000000.0,186446,0
0,1,696586,1450200387,1.0,250000,52000000000.0,186446,0
1,0,697412,1450214147,3.71e+19,21000,78179487301.0,21000,0
0,1,697403,1450213978,0.0,90000,57661658451.0,90000,1
0,1,696834,1450204234,1.0,250000,52000000000.0,186446,0
0,1,696418,1450197557,1.0,250000,52000000000.0,186382,0
1,0,697391,1450213762,6.23e+18,21000,71986792679.0,21000,0
0,1,697418,1450214330,0.0,90000,56540427731.0,90000,1
1,0,696495,1450198836,4.81e+18,90000,51136235733.0,21000,0
0,1,696839,1450204331,1.0,250000,52000000000.0,186382,0
1,0,697089,1450208270,2.94e+18,21000,60000000000.0,21000,0
0,1,696226,1450194009,1.0,250000,52000000000.0,186382,0
1,0,697391,1450213762,2.08e+17,90000,61578081924.0,21000,0
0,1,696495,1450198836,1.0,250000,52000000000.0,186446,0
1,0,696080,1450191681,5.87e+18,21000,60000000000.0,21000,0
0,1,696463,1450198243,1.0,250000,52000000000.0,186382,0
1,0,697371,1450213310,2.47e+18,21000,50000000000.0,21000,0
0,1,697416,1450214304,0.0,90000,56540427731.0,90000,1
0,1,697410,1450214119,0.0,90000,56540427731.0,90000,1
1,0,696698,1450202043,2.53e+18,90000,50000000000.0,21000,0
1,0,697177,1450209612,1.77e+18,90000,50000000000.0,21000,0
0,1,696294,1450195213,1.0,250000,52000000000.0,186446,0
1,0,697372,1450213321,3.32e+17,90000,50000000000.0,21000,0
1,0,696317,1450195609,1e+18,21000,60000000000.0,21000,0
1,0,697182,1450209723,1.09e+19,21000,60000000000.0,21000,0
0,1,697412,1450214147,0.0,90000,56540427731.0,90000,1
0,1,696806,1450203887,1.0,250000,52000000000.0,186318,0
0,1,696628,1450201004,1.0,250000,52000000000.0,45525,0
1,0,697396,1450213814,4.99e+19,90000,59500731426.0,21000,0
1,0,697228,1450210610,9430000000000000.0,90000,50000000000.0,21000,0
0,1,697411,1450214125,0.0,90000,56540427731.0,90000,1
0,1,697212,1450210255,1.0,250000,52000000000.0,186318,0
0,1,697415,1450214254,0.0,90000,56540427731.0,90000,1
0,1,697408,1450214044,0.0,90000,57136937358.0,90000,1
0,1,696133,1450192614,1.0,250000,52000000000.0,186446,0
0,1,696378,1450196705,1.0,250000,52000000000.0,186446,0
0,1,696362,1450196435,1.0,250000,52000000000.0,186382,0
0,1,697139,1450209056,0.0,200000,50000000000.0,58994,0
1,0,697280,1450211604,1.31e+18,21000,60000000000.0,21000,0
0,1,697418,1450214330,0.0,90000,56540427731.0,90000,1
1,0,697110,1450208534,1.35e+18,21000,60000000000.0,21000,0
0,1,697403,1450213978,0.0,90000,57661658451.0,90000,1
0,1,697198,1450210028,1.0,250000,52000000000.0,186382,0
1,0,696972,1450206193,4.89e+17,21000,50000000000.0,21000,0
0,1,696788,1450203601,1.0,250000,52000000000.0,186382,0
0,1,697398,1450213858,0.0,90000,57661658451.0,90000,1
1,0,696450,1450197972,2.82e+18,90000,50000000000.0,21000,0
0,1,697123,1450208749,1.0,250000,52000000000.0,151130,0
1,0,697380,1450213449,1.1e+19,25000,50000000000.0,21000,0
1,0,697164,1450209385,7.76e+18,21000,60000000000.0,21000,0
0,1,697320,1450212370,1.0,250000,52000000000.0,186382,0
1,0,697380,1450213449,8.89e+18,25000,50000000000.0,21000,0
0,1,696113,1450192257,1.0,250000,52000000000.0,186446,0
0,1,697353,1450213014,1.0,250000,52000000000.0,186446,0
1,0,697389,1450213624,1.75e+18,90000,64161348321.0,21000,0
0,1,696184,1450193408,1.0,250000,52000000000.0,186446,0
0,1,697408,1450214044,0.0,90000,57136937358.0,90000,1
0,1,697405,1450214020,0.0,90000,57661658451.0,90000,1
1,0,697185,1450209741,1.08e+19,21000,60000000000.0,21000,0
0,1,696044,1450190828,1.0,250000,52000000000.0,186446,0
0,1,697329,1450212541,1.0,250000,52000000000.0,186446,0
1,0,697002,1450206715,3.77e+19,90000,54087522865.0,21000,0
0,1,697387,1450213590,0.0,150000,53064977957.0,74690,0
1,0,697151,1450209264,1.26e+18,90000,50000000000.0,21000,0
1,0,697380,1450213449,1.84e+18,25000,50000000000.0,21000,0
0,1,696387,1450196974,1.0,250000,52000000000.0,186446,0
0,1,697386,1450213556,0.0,150000,53064977957.0,74754,0
1,0,696271,1450194862,1.21e+19,90000,50000000000.0,21000,0
0,1,696716,1450202305,1.0,250000,52000000000.0,186382,0
0,1,696274,1450194913,1.0,250000,52000000000.0,186382,0
1,0,697298,1450211937,2e+17,21000,50000000000.0,21000,0
0,1,696734,1450202592,1.0,250000,52000000000.0,186446,0
0,1,696215,1450193856,1.0,250000,52000000000.0,95051,0
0,1,696305,1450195393,1.0,250000,52000000000.0,186446,0
0,1,697421,1450214365,0.0,90000,56024213625.0,59754,0
0,1,696994,1450206588,1.0,250000,52000000000.0,186446,0
1,0,696485,1450198656,1.06e+18,90000,50000000000.0,21000,0
