1524442121,51387,23,3.09944E-05,0,0.1,0.2,1,40,1.1,40.1
1524445650,45092,19539,1.034610033,0,0,0,2,80,1,40.0
1524445386,45092,16623,1.0370121,0,0,0,2,80,1,40.0
1524445382,45092,13994,1.035127878,0,0,0,2,80,1,40.0
1524445568,45092,18852,1.040606022,0,0,0,2,80,1,40.0
1524445199,45092,15081,1.035582066,0,0,0,2,80,1,40.0
1524445188,45092,13003,1.036375046,0,0,0,2,80,1,40.0
1524445534,45092,14981,1.036126852,0,0,0,2,80,1,40.0
1524445463,45092,11601,1.03447485,0,0,0,2,80,1,40.0
1524445421,45092,12898,1.03531599,0,0,0,2,80,1,40.0
1524445380,45092,19396,1.03498888,0,0,0,2,80,1,40.0
1524445629,45092,18306,1.034350157,0,0,0,2,80,1,40.0
1524445558,45092,12195,1.034888983,0,0,0,2,80,1,40.0
1524445444,45092,16528,1.035125017,0,0,0,2,80,1,40.0
1524445217,45092,14228,1.034182072,0,0,0,2,80,1,40.0
1524445204,45092,17494,1.034278154,0,0,0,2,80,1,40.0
1524445596,45092,15932,1.040614843,0,0,0,2,80,1,40.0
1524445435,45092,10692,1.03451705,0,0,0,2,80,1,40.0
1524445676,45092,13539,1.041414022,0,0,0,2,80,1,40.0
1524445447,45092,14828,1.035140038,0,0,0,2,80,1,40.0
1524445667,45092,18485,1.040064096,0,0,0,2,80,1,40.0
1524445573,45092,18697,1.041754007,0,0,0,2,80,1,40.0
1524445378,45092,10497,1.03425312,0,0,0,2,80,1,40.0
1524445195,45092,13258,1.036653996,0,0,0,2,80,1,40.0
1524445333,45092,19477,1.033731937,0,0,0,2,80,1,40.0
1524445173,45092,15319,1.034825802,0,0,0,2,80,1,40.0
1524445499,45092,17977,1.035336018,0,0,0,2,80,1,40.0
1524445587,45092,19854,1.04113698,0,0,0,2,80,1,40.0
1524445608,45092,19290,1.041267157,0,0,0,2,80,1,40.0
1524445455,45092,19879,1.034096956,0,0,0,2,80,1,40.0
1524445387,45092,14460,1.035223961,0,0,0,2,80,1,40.0
1524445274,45092,18645,1.034697056,0,0,0,2,80,1,40.0
1524445301,45092,12488,1.035516024,0,0,0,2,80,1,40.0
1524445238,45092,14626,1.034284115,0,0,0,2,80,1,40.0
1524445486,45092,14113,1.033593893,0,0,0,2,80,1,40.0
1524445355,45092,15452,1.034191847,0,0,0,2,80,1,40.0
1524445366,45092,12696,1.035028934,0,0,0,2,80,1,40.0
1524445316,45092,18004,1.034708023,0,0,0,2,80,1,40.0
1524445312,45092,18357,1.035100937,0,0,0,2,80,1,40.0
1524445574,45092,11706,0.694008112,0,0,0,2,80,1,40.0
1524445266,45092,15987,1.034577847,0,0,0,2,80,1,40.0
1524445398,45092,13233,1.034652948,0,0,0,2,80,1,40.0
1524445195,45092,16301,1.036317825,0,0,0,2,80,1,40.0
1524445493,45092,19379,1.03383708,0,0,0,2,80,1,40.0
1524445385,45092,13255,1.034758091,0,0,0,2,80,1,40.0
1524445225,45092,12238,1.045822859,0,0,0,2,80,1,40.0
1524445641,45092,14734,1.034674883,0,0,0,2,80,1,40.0
1524445653,45092,11756,1.036190987,0,0,0,2,80,1,40.0
1524445396,45092,17714,1.034775972,0,0,0,2,80,1,40.0
1524445700,45092,11198,1.040453911,0,0,0,2,80,1,40.0
1524445417,45092,12452,0.689409018,0,0,0,2,80,1,40.0
1524445342,45092,13919,1.034120083,0,0,0,2,80,1,40.0
1524445259,45092,13193,1.036138058,0,0,0,2,80,1,40.0
1524445315,45092,15303,1.034360886,0,0,0,2,80,1,40.0
1524445202,45092,19299,1.03433609,0,0,0,2,80,1,40.0
1524445197,45092,15752,1.034990788,0,0,0,2,80,1,40.0
1524445521,45092,12096,1.034074068,0,0,0,2,80,1,40.0
1524445237,45092,15856,1.034091949,0,0,0,2,80,1,40.0
1524442528,1672,23,2.69413e-05,0,0,0,1,40,1,40.0
1524445382,45092,10553,1.035147905,0,0,0,2,80,1,40.0
1524445294,45092,16515,1.033562899,0,0,0,2,80,1,40.0
1524445355,45092,16025,1.033978939,0,0,0,2,80,1,40.0
1524445524,45092,16636,1.035088062,0,0,0,2,80,1,40.0
1524445473,45092,17839,1.034480095,0,0,0,2,80,1,40.0
1524445520,45092,10435,1.034840822,0,0,0,2,80,1,40.0
1524445229,45092,15724,1.034346104,0,0,0,2,80,1,40.0
1524445237,45092,19008,1.033208132,0,0,0,2,80,1,40.0
1524445453,45092,13979,1.034687996,0,0,0,2,80,1,40.0
1524445579,45092,13588,1.040785074,0,0,0,2,80,1,40.0
1524445667,45092,10323,1.040414095,0,0,0,2,80,1,40.0
1524445257,45092,18971,1.034429073,0,0,0,2,80,1,40.0
1524444944,36543,8291,2.81334e-05,0,0,0,1,40,1,40.0
1524445172,45092,13215,1.035044909,0,0,0,2,80,1,40.0
1524445591,45092,10920,1.040956974,0,0,0,2,80,1,40.0
1524445551,45092,14276,1.034817934,0,0,0,2,80,1,40.0
1524445193,45092,17987,1.041522026,0,0,0,2,80,1,40.0
1524445358,45092,14130,1.034373999,0,0,0,2,80,1,40.0
1524445236,45092,15153,1.034306049,0,0,0,2,80,1,40.0
1524445468,45092,14523,1.034461975,0,0,0,2,80,1,40.0
1524445408,45092,11422,1.033971071,0,0,0,2,80,1,40.0
1524445236,45092,10186,1.034698963,0,0,0,2,80,1,40.0
1524445681,45092,16756,1.0407269,0,0,0,2,80,1,40.0
1524445452,45092,12078,1.034805059,0,0,0,2,80,1,40.0
1524445210,45092,15662,1.034101963,0,0,0,2,80,1,40.0
1524445215,45092,17367,1.035146952,0,0,0,2,80,1,40.0
1524445503,45092,16053,1.034597874,0,0,0,2,80,1,40.0
1524445388,45092,11185,1.035067081,0,0,0,2,80,1,40.0
1524445302,45092,19074,1.034793854,0,0,0,2,80,1,40.0
1524445447,45092,11107,1.034530878,0,0,0,2,80,1,40.0
1524445590,45092,16475,1.040253878,0,0,0,2,80,1,40.0
1524445370,45092,16963,0.689566851,0,0,0,2,80,1,40.0
1524445273,45092,12680,1.034304857,0,0,0,2,80,1,40.0
1524445448,45092,10426,1.034816027,0,0,0,2,80,1,40.0
1524445240,45092,13096,1.034161091,0,0,0,2,80,1,40.0
1524445390,45092,12752,1.034565926,0,0,0,2,80,1,40.0
1524445194,45092,19183,1.035377979,0,0,0,2,80,1,40.0
1524445387,45092,14402,1.035040855,0,0,0,2,80,1,40.0
1524445703,45092,11823,1.041077137,0,0,0,2,80,1,40.0
1524445251,45092,11378,1.035043955,0,0,0,2,80,1,40.0
1524445548,45092,19243,1.035556078,0,0,0,2,80,1,40.0
1524445536,45092,16105,1.035186052,0,0,0,2,80,1,40.0
1524445631,45092,18077,1.034549952,0,0,0,2,80,1,40.0
1524445644,45092,12366,1.034411907,0,0,0,2,80,1,40.0
1524445628,45092,13711,1.034806967,0,0,0,2,80,1,40.0
1524445505,45092,12319,1.034015894,0,0,0,2,80,1,40.0
1524445444,45092,13181,1.034494877,0,0,0,2,80,1,40.0
1524445479,45092,19789,1.033844948,0,0,0,2,80,1,40.0
1524445513,45092,17027,1.03457284,0,0,0,2,80,1,40.0
1524445460,45092,14103,1.03504014,0,0,0,2,80,1,40.0
1524445347,45092,10982,1.033896923,0,0,0,2,80,1,40.0
1524445614,45092,15333,1.040405035,0,0,0,2,80,1,40.0
1524445488,45092,13645,1.034750938,0,0,0,2,80,1,40.0
1524445207,45092,10593,1.034590006,0,0,0,2,80,1,40.0
1524445376,45092,11516,1.034789085,0,0,0,2,80,1,40.0
1524445565,45092,14126,1.040792942,0,0,0,2,80,1,40.0
1524445316,45092,14675,1.034706116,0,0,0,2,80,1,40.0
1524445493,45092,11522,1.033788919,0,0,0,2,80,1,40.0
1524445388,45092,11825,1.03508997,0,0,0,2,80,1,40.0
1524445263,45092,16249,1.033118963,0,0,0,2,80,1,40.0
1524445488,45092,16855,0.689512968,0,0,0,2,80,1,40.0
1524445663,45092,18095,1.041041136,0,0,0,2,80,1,40.0
1524445654,45092,18383,1.034919977,0,0,0,2,80,1,40.0
1524445455,45092,14161,1.034323931,0,0,0,2,80,1,40.0
1524445246,45092,18775,1.033725023,0,0,0,2,80,1,40.0
1524445607,45092,18211,1.041359186,0,0,0,2,80,1,40.0
1524445334,45092,19767,1.033914089,0,0,0,2,80,1,40.0
1524445335,45092,11561,1.034492016,0,0,0,2,80,1,40.0
1524445227,45092,14953,1.098875999,0,0,0,2,80,1,40.0
1524445178,45092,12737,1.034714937,0,0,0,2,80,1,40.0
1524445343,45092,17203,1.034213066,0,0,0,2,80,1,40.0
1524445253,45092,13580,1.034919024,0,0,0,2,80,1,40.0
1524445393,45092,18599,1.071540833,0,0,0,2,80,1,40.0
1524445458,45092,19334,0.688817978,0,0,0,2,80,1,40.0
1524445438,45092,16017,1.034435987,0,0,0,2,80,1,40.0
1524445322,45092,15014,1.035027027,0,0,0,2,80,1,40.0
1524445574,45092,19111,1.040524006,0,0,0,2,80,1,40.0
1524445293,45092,13803,1.0341959,0,0,0,2,80,1,40.0
1524445533,45092,19470,1.035462141,0,0,0,2,80,1,40.0
1524445308,45092,16101,1.03399992,0,0,0,2,80,1,40.0
1524445473,45092,19981,1.034952164,0,0,0,2,80,1,40.0
1524445554,45092,19571,1.034723997,0,0,0,2,80,1,40.0
1524445195,45092,17945,1.036545992,0,0,0,2,80,1,40.0
1524445546,45092,16934,1.034653187,0,0,0,2,80,1,40.0
1524445567,45092,17378,1.041419983,0,0,0,2,80,1,40.0
1524445488,45092,17603,0.688986063,0,0,0,2,80,1,40.0
1524445393,45092,12763,1.034209967,0,0,0,2,80,1,40.0
1524445248,45092,17331,1.034132004,0,0,0,2,80,1,40.0
1524445276,45092,13321,1.034651041,0,0,0,2,80,1,40.0
1524445703,45092,12793,1.040961981,0,0,0,2,80,1,40.0
1524445282,45092,16578,0.689703941,0,0,0,2,80,1,40.0
1524445396,45092,15429,0.689615965,0,0,0,2,80,1,40.0
1524445663,45092,19742,1.041144133,0,0,0,2,80,1,40.0
1524445579,45092,19355,1.04084301,0,0,0,2,80,1,40.0
1524445527,45092,19268,1.034569025,0,0,0,2,80,1,40.0
1524445203,45092,10983,1.033807993,0,0,0,2,80,1,40.0
1524445552,45092,16542,1.035469055,0,0,0,2,80,1,40.0
1524445483,45092,13761,1.034416914,0,0,0,2,80,1,40.0
1524445269,45092,14438,1.033565044,0,0,0,2,80,1,40.0
1524445300,45092,19404,1.034619093,0,0,0,2,80,1,40.0
1524445538,45092,19445,1.034992933,0,0,0,2,80,1,40.0
1524445220,45092,10212,1.034051895,0,0,0,2,80,1,40.0
1524445365,45092,14030,1.033955097,0,0,0,2,80,1,40.0
1524445287,45092,18815,1.034600019,0,0,0,2,80,1,40.0
1524445296,45092,13775,1.033697128,0,0,0,2,80,1,40.0
1524445259,45092,13734,1.035698175,0,0,0,2,80,1,40.0
1524445447,45092,15994,1.034545898,0,0,0,2,80,1,40.0
1524445549,45092,15649,1.035480022,0,0,0,2,80,1,40.0
1524445349,45092,15861,1.035128117,0,0,0,2,80,1,40.0
1524445659,45092,17660,1.035209894,0,0,0,2,80,1,40.0
1524445215,45092,13619,1.035121918,0,0,0,2,80,1,40.0
1524445246,45092,12215,1.033727169,0,0,0,2,80,1,40.0
1524445592,45092,13882,1.041420937,0,0,0,2,80,1,40.0
1524445307,45092,19013,1.034183979,0,0,0,2,80,1,40.0
1524445620,45092,15623,1.034787178,0,0,0,2,80,1,40.0
1524445315,45092,19921,1.034357071,0,0,0,2,80,1,40.0
1524445272,45092,10594,1.033590794,0,0,0,2,80,1,40.0
1524445265,45092,17035,1.034567833,0,0,0,2,80,1,40.0
1524445320,45092,19253,1.035280943,0,0,0,2,80,1,40.0
1524445561,45092,16298,1.035141945,0,0,0,2,80,1,40.0
1524445280,45092,13923,1.033942938,0,0,0,2,80,1,40.0
1524445305,45092,14731,1.034342051,0,0,0,2,80,1,40.0
1524445691,45092,19853,1.040955067,0,0,0,2,80,1,40.0
1524445631,45092,10438,1.034296036,0,0,0,2,80,1,40.0
1524445182,45092,12879,1.035007,0,0,0,2,80,1,40.0
1524445211,45092,11021,1.034447908,0,0,0,2,80,1,40.0
1524445605,45092,13836,1.041076183,0,0,0,2,80,1,40.0
1524445633,45092,16358,1.035572052,0,0,0,2,80,1,40.0
1524445202,45092,19610,1.034426928,0,0,0,2,80,1,40.0
1524445692,45092,19811,1.041054964,0,0,0,2,80,1,40.0
1524445443,45092,15160,1.035021067,0,0,0,2,80,1,40.0
1524445590,45092,13090,1.040245056,0,0,0,2,80,1,40.0
1524445605,45092,17070,1.040892839,0,0,0,2,80,1,40.0
1524445401,45092,15691,1.0351789,0,0,0,2,80,1,40.0
1524445380,45092,11405,1.035485029,0,0,0,2,80,1,40.0
1524445579,45092,11391,1.041193962,0,0,0,2,80,1,40.0
1524445591,45092,11472,1.041042089,0,0,0,2,80,1,40.0
1524445476,45092,19848,1.035077095,0,0,0,2,80,1,40.0
1524445492,45092,10288,1.034784079,0,0,0,2,80,1,40.0
1524445347,45092,19593,1.034259081,0,0,0,2,80,1,40.0
1524445184,45092,14033,1.035120964,0,0,0,2,80,1,40.0
1524445345,45092,17488,1.034939051,0,0,0,2,80,1,40.0
1524445568,45092,16356,1.041056156,0,0,0,2,80,1,40.0
1524445580,45092,10840,1.040589809,0,0,0,2,80,1,40.0
1524445587,45092,11011,1.0413239,0,0,0,2,80,1,40.0
1524445463,45092,17301,1.034331083,0,0,0,2,80,1,40.0
1524445564,45092,18993,1.037041187,0,0,0,2,80,1,40.0
1524445696,45092,13627,1.040572882,0,0,0,2,80,1,40.0
1524445450,45092,16891,1.036010027,0,0,0,2,80,1,40.0
1524445615,45092,18056,1.041269064,0,0,0,2,80,1,40.0
1524445617,45092,18813,1.040614128,0,0,0,2,80,1,40.0
1524445186,45092,18806,1.035369158,0,0,0,2,80,1,40.0
1524445568,45092,10449,1.040618896,0,0,0,2,80,1,40.0
1524445498,45092,14049,0.689440012,0,0,0,2,80,1,40.0
1524445679,45092,13051,1.040787935,0,0,0,2,80,1,40.0
1524445688,45092,12970,1.041305065,0,0,0,2,80,1,40.0
1524445308,45092,15325,1.033527136,0,0,0,2,80,1,40.0
1524445564,45092,13112,1.037092924,0,0,0,2,80,1,40.0
1524445550,45092,19207,1.035441875,0,0,0,2,80,1,40.0
1524445445,45092,18033,1.034625053,0,0,0,2,80,1,40.0
1524445439,45092,12956,1.033947945,0,0,0,2,80,1,40.0
1524445272,45092,16946,1.03403616,0,0,0,2,80,1,40.0
1524445406,45092,10188,1.03362298,0,0,0,2,80,1,40.0
1524445563,45092,16847,0.689158916,0,0,0,2,80,1,40.0
1524445708,45092,18126,1.040634155,0,0,0,2,80,1,40.0
1524445440,45092,16257,1.033744097,0,0,0,2,80,1,40.0
1524445564,45092,16752,1.039224148,0,0,0,2,80,1,40.0
1524445639,45092,10200,1.034727812,0,0,0,2,80,1,40.0
1524445391,45092,14649,1.035539865,0,0,0,2,80,1,40.0
1524445396,45092,11339,1.03470993,0,0,0,2,80,1,40.0
1524445207,45092,19394,1.034430981,0,0,0,2,80,1,40.0
1524445699,45092,15057,1.042185068,0,0,0,2,80,1,40.0
1524445419,45092,19822,1.035147905,0,0,0,2,80,1,40.0
1524445221,45092,17458,1.034082174,0,0,0,2,80,1,40.0
1524445572,45092,11195,1.039597034,0,0,0,2,80,1,40.0
1524445572,45092,16316,1.039593935,0,0,0,2,80,1,40.0
1524445559,45092,11358,1.035372019,0,0,0,2,80,1,40.0
1524445534,45092,17133,1.036164999,0,0,0,2,80,1,40.0
1524445366,45092,11868,1.035058022,0,0,0,2,80,1,40.0
1524445465,45092,14336,1.034384966,0,0,0,2,80,1,40.0
1524445640,45092,15734,1.034904003,0,0,0,2,80,1,40.0
1524445227,45092,18311,1.098899841,0,0,0,2,80,1,40.0
1524445339,45092,11312,1.034379005,0,0,0,2,80,1,40.0
1524445318,45092,12785,1.033756971,0,0,0,2,80,1,40.0
1524445314,45092,14861,1.034034014,0,0,0,2,80,1,40.0
1524445481,45092,14178,1.034411192,0,0,0,2,80,1,40.0
1524445317,45092,15370,1.033654928,0,0,0,2,80,1,40.0
1524445240,45092,15697,1.034150839,0,0,0,2,80,1,40.0
1524445317,45092,12176,1.034389019,0,0,0,2,80,1,40.0
1524445511,45092,18212,1.034702063,0,0,0,2,80,1,40.0
1524445458,45092,17576,1.034626961,0,0,0,2,80,1,40.0
1524445343,45092,13838,1.034202099,0,0,0,2,80,1,40.0
1524445367,45092,15669,1.034089804,0,0,0,2,80,1,40.0
1524445579,45092,12820,1.041129112,0,0,0,2,80,1,40.0
1524445258,45092,16754,1.03550601,0,0,0,2,80,1,40.0
1524445599,28861,8291,4.05312e-06,0,0,0,1,40,1,40.0
1524445298,45092,16675,1.034924984,0,0,0,2,80,1,40.0
1524445567,45092,12400,1.041146994,0,0,0,2,80,1,40.0
1524445210,45092,14286,1.033663034,0,0,0,2,80,1,40.0
1524445591,45092,19337,1.041043043,0,0,0,2,80,1,40.0
1524445239,45092,12427,1.035160065,0,0,0,2,80,1,40.0
1524445539,45092,17104,1.035748959,0,0,0,2,80,1,40.0
1524445418,45092,15714,1.034698963,0,0,0,2,80,1,40.0
1524445582,45092,11849,1.041512966,0,0,0,2,80,1,40.0
1524445290,45092,19473,1.03373909,0,0,0,2,80,1,40.0
1524445402,45092,12873,1.03433609,0,0,0,2,80,1,40.0
1524445450,45092,14177,1.036005974,0,0,0,2,80,1,40.0
1524445305,45092,14874,1.034720898,0,0,0,2,80,1,40.0
1524445453,45092,19740,1.03508997,0,0,0,2,80,1,40.0
1524445360,45092,14659,1.035385847,0,0,0,2,80,1,40.0
1524445364,45092,13045,1.03414011,0,0,0,2,80,1,40.0
1524445515,45092,17698,1.033303022,0,0,0,2,80,1,40.0
1524445447,45092,13062,1.03512001,0,0,0,2,80,1,40.0
1524445298,45092,16513,1.035403013,0,0,0,2,80,1,40.0
1524445510,45092,12019,1.034766912,0,0,0,2,80,1,40.0
1524445359,45092,10636,1.034597158,0,0,0,2,80,1,40.0
1524445549,45092,16539,1.035849094,0,0,0,2,80,1,40.0
1524445423,45092,13214,1.03434515,0,0,0,2,80,1,40.0
1524445708,45092,18560,1.040820837,0,0,0,2,80,1,40.0
1524445419,45092,12255,1.035149097,0,0,0,2,80,1,40.0
1524445436,45092,12926,1.035242081,0,0,0,2,80,1,40.0
1524445265,45092,11044,1.063956022,0,0,0,2,80,1,40.0
1524445173,45092,15472,0.6898911,0,0,0,2,80,1,40.0
1524445287,45092,14476,1.034642935,0,0,0,2,80,1,40.0
1524445288,45092,16945,1.034912109,0,0,0,2,80,1,40.0
1524445683,45092,14366,1.041028023,0,0,0,2,80,1,40.0
1524445658,45092,15619,1.034311056,0,0,0,2,80,1,40.0
1524445544,45092,15591,1.035228968,0,0,0,2,80,1,40.0
1524445546,45092,14750,1.034894943,0,0,0,2,80,1,40.0
1524445320,45092,10460,1.035298824,0,0,0,2,80,1,40.0
1524445684,45092,19785,1.040832996,0,0,0,2,80,1,40.0
1524445360,7605,1599,1.90735e-06,0,0,0,1,44,1,40.0
1524445517,45092,10696,1.033927202,0,0,0,2,80,1,40.0
1524445628,45092,10304,1.035205126,0,0,0,2,80,1,40.0
1524445573,45092,13458,1.04113102,0,0,0,2,80,1,40.0
1524445649,45092,18462,1.034642935,0,0,0,2,80,1,40.0
1524445303,45092,13480,0.690101147,0,0,0,2,80,1,40.0
1524445325,45092,10981,1.034763098,0,0,0,2,80,1,40.0
1524445235,45092,17485,1.034317017,0,0,0,2,80,1,40.0
1524445431,45092,17393,1.034161806,0,0,0,2,80,1,40.0
1524445459,45092,10894,1.035310984,0,0,0,2,80,1,40.0
1524445413,45092,12411,1.035034895,0,0,0,2,80,1,40.0
1524445588,45092,11194,1.041388988,0,0,0,2,80,1,40.0
1524445206,45092,13408,0.689524174,0,0,0,2,80,1,40.0
1524445622,45092,13920,1.034970045,0,0,0,2,80,1,40.0
1524445588,45092,19197,1.041037798,0,0,0,2,80,1,40.0
1524445398,45092,15050,1.034476042,0,0,0,2,80,1,40.0
1524445265,45092,16972,1.035091877,0,0,0,2,80,1,40.0
1524445299,45092,15721,1.03409791,0,0,0,2,80,1,40.0
1524445538,45092,18934,1.035375834,0,0,0,2,80,1,40.0
1524445213,45092,18292,1.034178972,0,0,0,2,80,1,40.0
1524445437,45092,11363,1.035048008,0,0,0,2,80,1,40.0
1524445302,45092,13682,1.035027981,0,0,0,2,80,1,40.0
1524445325,45092,18669,1.034760952,0,0,0,2,80,1,40.0
1524445352,45092,12557,1.035140991,0,0,0,2,80,1,40.0
1524445680,45092,13091,1.040914059,0,0,0,2,80,1,40.0
1524445485,45092,18471,1.033977985,0,0,0,2,80,1,40.0
1524445536,45092,17487,1.035104036,0,0,0,2,80,1,40.0
1524445170,45092,17958,1.035526991,0,0,0,2,80,1,40.0
1524445541,45092,13774,1.034822941,0,0,0,2,80,1,40.0
1524445260,45092,12105,1.033897161,0,0,0,2,80,1,40.0
1524445616,45092,10639,1.040616989,0,0,0,2,80,1,40.0
1524445645,45092,17361,1.03572011,0,0,0,2,80,1,40.0
1524445536,45092,19493,1.035475969,0,0,0,2,80,1,40.0
1524445450,45092,15283,1.03478694,0,0,0,2,80,1,40.0
1524445195,45092,12097,1.03652215,0,0,0,2,80,1,40.0
1524445546,45092,13390,1.034993887,0,0,0,2,80,1,40.0
1524445248,45092,17590,1.035464048,0,0,0,2,80,1,40.0
1524445544,45092,17040,1.035468102,0,0,0,2,80,1,40.0
1524445553,45092,13007,1.035151005,0,0,0,2,80,1,40.0
1524445418,45092,17277,1.034008026,0,0,0,2,80,1,40.0
1524445639,45092,18298,1.034725904,0,0,0,2,80,1,40.0
1524445267,45092,17130,1.03470397,0,0,0,2,80,1,40.0
1524445676,45092,15002,1.040971041,0,0,0,2,80,1,40.0
1524445479,45092,14919,1.034090996,0,0,0,2,80,1,40.0
1524445511,45092,13381,1.03490591,0,0,0,2,80,1,40.0
1524445292,45092,13945,1.035233021,0,0,0,2,80,1,40.0
1524445605,45092,16345,1.040899038,0,0,0,2,80,1,40.0
1524445619,45092,18437,1.035062075,0,0,0,2,80,1,40.0
1524445466,45092,10411,1.034064054,0,0,0,2,80,1,40.0
1524445444,45092,13840,1.034524918,0,0,0,2,80,1,40.0
1524445531,45092,14692,1.03552103,0,0,0,2,80,1,40.0
1524445569,45092,18537,1.040683031,0,0,0,2,80,1,40.0
1524445697,45092,13326,1.041363001,0,0,0,2,80,1,40.0
1524445387,45092,11445,1.035027027,0,0,0,2,80,1,40.0
1524445222,45092,15378,0.688836098,0,0,0,2,80,1,40.0
1524445603,45092,10554,1.041310072,0,0,0,2,80,1,40.0
1524445217,45092,17452,1.034501076,0,0,0,2,80,1,40.0
1524445304,45092,15280,1.035366058,0,0,0,2,80,1,40.0
1524445408,45092,10813,1.033958197,0,0,0,2,80,1,40.0
1524445329,45092,12811,1.034489155,0,0,0,2,80,1,40.0
1524445653,45092,12183,1.034646034,0,0,0,2,80,1,40.0
1524445697,45092,16938,1.040990114,0,0,0,2,80,1,40.0
1524445328,45092,17781,1.034695148,0,0,0,2,80,1,40.0
1524445381,45092,17708,1.034744024,0,0,0,2,80,1,40.0
1524445171,45092,14005,1.034868956,0,0,0,2,80,1,40.0
1524445481,45092,19492,1.034231186,0,0,0,2,80,1,40.0
1524445403,45092,17804,1.035303116,0,0,0,2,80,1,40.0
1524445437,45092,13924,1.035042048,0,0,0,2,80,1,40.0
1524445482,45092,12530,1.034412861,0,0,0,2,80,1,40.0
1524445341,45092,10769,1.034482002,0,0,0,2,80,1,40.0
1524445702,45092,16170,1.042595863,0,0,0,2,80,1,40.0
1524445488,45092,16110,1.034322023,0,0,0,2,80,1,40.0
1524445511,45092,17564,1.034802914,0,0,0,2,80,1,40.0
1524445634,45092,16164,1.034552097,0,0,0,2,80,1,40.0
1524445534,45092,16576,1.036141872,0,0,0,2,80,1,40.0
1524445606,45092,10114,1.04133296,0,0,0,2,80,1,40.0
1524445564,45092,16477,1.039098978,0,0,0,2,80,1,40.0
1524445183,45092,18858,1.035466909,0,0,0,2,80,1,40.0
1524445699,45092,19480,1.042024136,0,0,0,2,80,1,40.0
1524445437,45092,11440,1.034462929,0,0,0,2,80,1,40.0
1524445412,45092,17600,1.036118031,0,0,0,2,80,1,40.0
1524445326,45092,13140,1.034394979,0,0,0,2,80,1,40.0
1524445424,45092,13335,1.034574986,0,0,0,2,80,1,40.0
1524445683,45092,19157,1.040562868,0,0,0,2,80,1,40.0
1524445604,45092,11094,1.039697886,0,0,0,2,80,1,40.0
1524445612,45092,16692,1.04021883,0,0,0,2,80,1,40.0
1524445263,45092,15696,1.033117056,0,0,0,2,80,1,40.0
1524445170,45092,19716,1.035459995,0,0,0,2,80,1,40.0
1524445208,45092,17766,1.033923864,0,0,0,2,80,1,40.0
1524445480,45092,19518,1.033629894,0,0,0,2,80,1,40.0
1524445258,45092,13496,0.689239979,0,0,0,2,80,1,40.0
1524445659,45092,12352,1.067482948,0,0,0,2,80,1,40.0
1524445697,45092,19221,1.041307926,0,0,0,2,80,1,40.0
1524445548,45092,12186,1.03558588,0,0,0,2,80,1,40.0
1524445661,45092,17419,1.040415049,0,0,0,2,80,1,40.0
1524445541,45092,15944,1.034892797,0,0,0,2,80,1,40.0
1524445276,45092,10275,1.034233093,0,0,0,2,80,1,40.0
1524445194,45092,17819,1.035346985,0,0,0,2,80,1,40.0
1524445461,45092,13839,1.034868956,0,0,0,2,80,1,40.0
1524445641,45092,10136,1.034946918,0,0,0,2,80,1,40.0
1524445265,45092,17972,1.063944817,0,0,0,2,80,1,40.0
1524445323,45092,17145,1.034553051,0,0,0,2,80,1,40.0
1524445470,45092,12397,1.034501076,0,0,0,2,80,1,40.0
1524445538,45092,15327,1.034990072,0,0,0,2,80,1,40.0
1524445449,45092,13360,1.034759998,0,0,0,2,80,1,40.0
1524445319,45092,12869,1.034168005,0,0,0,2,80,1,40.0
1524445248,45092,11436,1.034129858,0,0,0,2,80,1,40.0
1524445699,45092,17551,1.041896105,0,0,0,2,80,1,40.0
1524445683,45092,13626,1.040909052,0,0,0,2,80,1,40.0
1524445387,45092,14918,1.03522706,0,0,0,2,80,1,40.0
1524445459,45092,15418,1.035302162,0,0,0,2,80,1,40.0
1524445269,45092,15827,1.033577919,0,0,0,2,80,1,40.0
1524445623,45092,15850,1.034912825,0,0,0,2,80,1,40.0
1524444656,52294,7547,2.90871e-05,0,0,0,1,40,1,40.0
1524445209,45092,15239,1.034930944,0,0,0,2,80,1,40.0
1524445478,45092,19402,1.034080982,0,0,0,2,80,1,40.0
1524445346,45092,12681,1.034411192,0,0,0,2,80,1,40.0
1524445559,45092,17599,1.035508156,0,0,0,2,80,1,40.0
1524445363,45092,11167,1.034417152,0,0,0,2,80,1,40.0
1524445390,45092,10515,1.034718037,0,0,0,2,80,1,40.0
1524445591,45092,10063,1.041047096,0,0,0,2,80,1,40.0
1524445436,45092,18229,1.034810066,0,0,0,2,80,1,40.0
1524445336,45092,17319,1.03568697,0,0,0,2,80,1,40.0
1524445582,45092,12113,1.041374207,0,0,0,2,80,1,40.0
1524445450,45092,19042,1.036020994,0,0,0,2,80,1,40.0
1524445373,45092,18615,1.034250975,0,0,0,2,80,1,40.0
1524445357,45092,14749,1.034986019,0,0,0,2,80,1,40.0
1524445337,45092,12072,1.035810947,0,0,0,2,80,1,40.0
1524445274,45092,10821,1.035136938,0,0,0,2,80,1,40.0
1524445353,45092,15167,1.035277843,0,0,0,2,80,1,40.0
1524445375,45092,16581,1.034137011,0,0,0,2,80,1,40.0
1524445553,45092,14144,1.035316944,0,0,0,2,80,1,40.0
1524445391,45092,13883,1.035523176,0,0,0,2,80,1,40.0
1524445545,45092,10479,1.034994841,0,0,0,2,80,1,40.0
1524445360,45092,16106,1.034681082,0,0,0,2,80,1,40.0
1524445496,45092,16482,1.033744097,0,0,0,2,80,1,40.0
1524445286,45092,16517,1.034569979,0,0,0,2,80,1,40.0
1524445702,45092,13680,1.044038057,0,0,0,2,80,1,40.0
1524445267,45092,18168,1.034628153,0,0,0,2,80,1,40.0
1524445220,45092,10961,1.033737898,0,0,0,2,80,1,40.0
1524445243,45092,10270,1.035180092,0,0,0,2,80,1,40.0
1524445464,45092,12485,1.03495717,0,0,0,2,80,1,40.0
1524445202,45092,19196,1.034667969,0,0,0,2,80,1,40.0
1524445459,45092,10185,1.035332203,0,0,0,2,80,1,40.0
1524445282,45092,10268,1.03518486,0,0,0,2,80,1,40.0
1524445356,45092,18962,1.033535957,0,0,0,2,80,1,40.0
1524445168,45092,15470,1.03489089,0,0,0,2,80,1,40.0
1524445168,45092,15490,1.034995794,0,0,0,2,80,1,40.0
1524445318,45092,13100,1.034088135,0,0,0,2,80,1,40.0
1524445438,45092,16230,1.034538031,0,0,0,2,80,1,40.0
1524445413,45092,14691,1.034459829,0,0,0,2,80,1,40.0
1524445671,45092,11336,1.040849924,0,0,0,2,80,1,40.0
1524445276,45092,12738,1.034435034,0,0,0,2,80,1,40.0
1524445510,45092,15193,1.034767151,0,0,0,2,80,1,40.0
1524445585,45092,13546,1.040345192,0,0,0,2,80,1,40.0
1524445286,45092,10984,1.034575939,0,0,0,2,80,1,40.0
1524445538,45092,19557,1.035394907,0,0,0,2,80,1,40.0
1524445402,45092,16436,1.034837961,0,0,0,2,80,1,40.0
1524445324,45092,16039,1.034723043,0,0,0,2,80,1,40.0
1524445701,45092,17824,1.040472984,0,0,0,2,80,1,40.0
1524445470,45092,12188,1.034259081,0,0,0,2,80,1,40.0
1524445636,45092,13201,1.03530097,0,0,0,2,80,1,40.0
1524445309,45092,18989,1.034491062,0,0,0,2,80,1,40.0
1524445423,45092,11412,1.034106016,0,0,0,2,80,1,40.0
1524445286,45092,11102,1.034543037,0,0,0,2,80,1,40.0
1524445556,45092,17657,1.035185099,0,0,0,2,80,1,40.0
1524445383,45092,17033,1.033869982,0,0,0,2,80,1,40.0
1524445659,45092,17718,1.035271883,0,0,0,2,80,1,40.0
1524445628,45092,17750,1.034662962,0,0,0,2,80,1,40.0
1524445274,45092,14948,1.034714937,0,0,0,2,80,1,40.0
1524445435,45092,15536,1.034519196,0,0,0,2,80,1,40.0
1524445299,45092,13740,1.034186125,0,0,0,2,80,1,40.0
1524445396,45092,13756,0.689651012,0,0,0,2,80,1,40.0
1524445581,45092,14441,1.040822983,0,0,0,2,80,1,40.0
1524445650,45092,15285,1.034701109,0,0,0,2,80,1,40.0
1524445608,45092,12301,1.041399002,0,0,0,2,80,1,40.0
1524445338,45092,18463,1.034457922,0,0,0,2,80,1,40.0
1524445587,45092,16287,1.041152,0,0,0,2,80,1,40.0
1524445645,45092,19526,1.035630941,0,0,0,2,80,1,40.0
1524445274,45092,13764,1.034657001,0,0,0,2,80,1,40.0
1524445320,45092,19308,1.035498857,0,0,0,2,80,1,40.0
1524445638,45092,16901,1.034660101,0,0,0,2,80,1,40.0
1524445511,45092,10665,1.034821033,0,0,0,2,80,1,40.0
1524445592,45092,14099,1.041043997,0,0,0,2,80,1,40.0
1524445616,45092,11495,1.040661097,0,0,0,2,80,1,40.0
1524445358,45092,14807,1.034316063,0,0,0,2,80,1,40.0
1524445450,45092,14110,1.036010981,0,0,0,2,80,1,40.0
1524445629,45092,18944,1.034353018,0,0,0,2,80,1,40.0
1524445517,45092,12407,1.034384012,0,0,0,2,80,1,40.0
1524445354,45092,17752,1.034334898,0,0,0,2,80,1,40.0
1524445475,45092,15971,1.035009861,0,0,0,2,80,1,40.0
1524445299,45092,14399,1.034173012,0,0,0,2,80,1,40.0
1524445399,45092,15487,1.035572052,0,0,0,2,80,1,40.0
1524445357,45092,11315,1.034926891,0,0,0,2,80,1,40.0
1524445636,45092,19584,1.035338879,0,0,0,2,80,1,40.0
1524445492,45092,10299,1.034762859,0,0,0,2,80,1,40.0
1524445407,45092,17501,1.033915043,0,0,0,2,80,1,40.0
1524445703,45092,17743,1.040951967,0,0,0,2,80,1,40.0
1524445333,45092,11192,1.033812046,0,0,0,2,80,1,40.0
1524445341,45092,11627,1.034494162,0,0,0,2,80,1,40.0
1524445632,45092,13807,1.035203934,0,0,0,2,80,1,40.0
1524445168,45092,13426,1.03499198,0,0,0,2,80,1,40.0
1524445642,45092,18793,1.034561157,0,0,0,2,80,1,40.0
1524445697,45092,12563,1.041172028,0,0,0,2,80,1,40.0
1524445355,45092,15035,1.034173012,0,0,0,2,80,1,40.0
1524445640,45092,14283,1.03467989,0,0,0,2,80,1,40.0
1524445278,45092,17067,1.03458786,0,0,0,2,80,1,40.0
1524445373,45092,13594,1.034953117,0,0,0,2,80,1,40.0
1524445607,45092,11859,1.041368961,0,0,0,2,80,1,40.0
1524445611,45092,16066,1.041058064,0,0,0,2,80,1,40.0
1524445675,45092,14716,1.041407108,0,0,0,2,80,1,40.0
1524445355,45092,15620,1.033980131,0,0,0,2,80,1,40.0
1524445325,45092,15761,1.034476995,0,0,0,2,80,1,40.0
1524445698,45092,13669,1.039961815,0,0,0,2,80,1,40.0
1524445277,45092,17968,1.033968925,0,0,0,2,80,1,40.0
1524445518,45092,13646,1.034208059,0,0,0,2,80,1,40.0
1524445352,45092,19627,1.03498292,0,0,0,2,80,1,40.0
1524445478,45092,12455,1.034395933,0,0,0,2,80,1,40.0
1524445615,45092,14904,1.040556192,0,0,0,2,80,1,40.0
1524445221,45092,16913,1.034080982,0,0,0,2,80,1,40.0
1524445373,45092,10439,1.034250975,0,0,0,2,80,1,40.0
1524445522,45092,16634,1.104100943,0,0,0,2,80,1,40.0
1524445323,45092,15383,1.034116983,0,0,0,2,80,1,40.0
1524445405,45092,16404,1.033354998,0,0,0,2,80,1,40.0
1524445332,45092,14624,0.68896699,0,0,0,2,80,1,40.0
1524445295,45092,12073,1.03387785,0,0,0,2,80,1,40.0
1524445364,45092,10802,1.034386158,0,0,0,2,80,1,40.0
1524445301,45092,19673,1.03558588,0,0,0,2,80,1,40.0
1524445571,45092,17791,1.040240049,0,0,0,2,80,1,40.0
1524445697,45092,18620,1.041324854,0,0,0,2,80,1,40.0
1524445433,45092,11865,1.033516169,0,0,0,2,80,1,40.0
1524445474,45092,13993,1.034466982,0,0,0,2,80,1,40.0
1524445407,45092,12205,1.033788919,0,0,0,2,80,1,40.0
1524445289,45092,18399,1.034334183,0,0,0,2,80,1,40.0
1524445256,45092,16597,0.689625025,0,0,0,2,80,1,40.0
1524445430,45092,17034,1.034096956,0,0,0,2,80,1,40.0
1524445514,45092,14858,1.034295082,0,0,0,2,80,1,40.0
1524445410,45092,19556,1.034489155,0,0,0,2,80,1,40.0
1524445237,45092,17422,1.03340888,0,0,0,2,80,1,40.0
1524445384,45092,19041,1.034519911,0,0,0,2,80,1,40.0
1524445436,45092,16125,1.035198927,0,0,0,2,80,1,40.0
1524445323,45092,15072,1.034714937,0,0,0,2,80,1,40.0
1524445440,45092,10871,1.034586906,0,0,0,2,80,1,40.0
1524445201,45092,10157,1.034584999,0,0,0,2,80,1,40.0
1524445218,45092,16421,1.035062075,0,0,0,2,80,1,40.0
1524445574,4097,23,5.00679e-06,0,0,0,1,40,1,40.0
1524445536,45092,14757,1.035462141,0,0,0,2,80,1,40.0
1524445548,45092,12917,1.03530097,0,0,0,2,80,1,40.0
1524445688,45092,16814,1.041229963,0,0,0,2,80,1,40.0
1524445431,45092,18217,1.034626961,0,0,0,2,80,1,40.0
1524445682,45092,12228,0.693480015,0,0,0,2,80,1,40.0
1524445501,45092,19105,1.034253836,0,0,0,2,80,1,40.0
1524445181,45092,19805,1.034490108,0,0,0,2,80,1,40.0
1524445636,45092,11348,1.035357952,0,0,0,2,80,1,40.0
1524445358,45092,13398,1.034796,0,0,0,2,80,1,40.0
1524445514,45092,15314,1.034541845,0,0,0,2,80,1,40.0
1524445426,45092,10750,1.034305811,0,0,0,2,80,1,40.0
1524445303,45092,12936,1.034816027,0,0,0,2,80,1,40.0
1524445652,45092,11448,1.036215067,0,0,0,2,80,1,40.0
1524445537,45092,15005,1.034595966,0,0,0,2,80,1,40.0
1524445475,45092,12716,1.034559965,0,0,0,2,80,1,40.0
1524445396,45092,19375,1.034699202,0,0,0,2,80,1,40.0
1524445213,45092,19575,1.034193039,0,0,0,2,80,1,40.0
1524445427,45092,16172,1.034699917,0,0,0,2,80,1,40.0
1524445651,45092,19426,1.035113096,0,0,0,2,80,1,40.0
1524445404,45092,18479,1.034791946,0,0,0,2,80,1,40.0
1524445564,45092,10065,1.035009146,0,0,0,2,80,1,40.0
1524445623,45092,11873,1.034876823,0,0,0,2,80,1,40.0
1524444533,43063,3128,0.400171041,0,0,0,2,80,1,40.0
1524445354,45092,10860,1.034313917,0,0,0,2,80,1,40.0
1524445273,45092,12664,1.03442812,0,0,0,2,80,1,40.0
1524445169,45092,12841,1.034274101,0,0,0,2,80,1,40.0
1524445343,45092,16352,1.034617901,0,0,0,2,80,1,40.0
1524445657,45092,14967,1.034690142,0,0,0,2,80,1,40.0
1524445703,45092,10047,1.040951014,0,0,0,2,80,1,40.0
1524445355,45092,12987,1.033792019,0,0,0,2,80,1,40.0
1524442667,44831,444,4.00543e-05,0,0,0,1,40,1,40.0
1524445366,45092,15628,1.035028934,0,0,0,2,80,1,40.0
1524445305,45092,12934,1.034531116,0,0,0,2,80,1,40.0
1524445626,45092,11421,1.034874916,0,0,0,2,80,1,40.0
1524445372,45092,17666,1.033882856,0,0,0,2,80,1,40.0
1524445612,45092,11623,1.04027009,0,0,0,2,80,1,40.0
1524445583,45092,10837,1.041142941,0,0,0,2,80,1,40.0
1524445279,45092,18699,1.03467083,0,0,0,2,80,1,40.0
1524445518,45092,15287,1.034995079,0,0,0,2,80,1,40.0
1524445699,45092,18001,1.041958094,0,0,0,2,80,1,40.0
1524445177,45092,15042,1.034979105,0,0,0,2,80,1,40.0
1524445425,45092,12707,1.034020901,0,0,0,2,80,1,40.0
1524445499,45092,17290,1.03511095,0,0,0,2,80,1,40.0
1524445401,45092,12394,1.035083055,0,0,0,2,80,1,40.0
1524445481,45092,11081,1.03442812,0,0,0,2,80,1,40.0
1524445468,45092,10134,1.034727097,0,0,0,2,80,1,40.0
1524445475,45092,16177,1.034566164,0,0,0,2,80,1,40.0
1524445593,45092,17441,1.040910006,0,0,0,2,80,1,40.0
1524445238,45092,18908,1.033787966,0,0,0,2,80,1,40.0
1524445610,45092,18597,1.040386915,0,0,0,2,80,1,40.0
1524445532,45092,10448,1.034466028,0,0,0,2,80,1,40.0
1524445691,45092,12505,1.040899992,0,0,0,2,80,1,40.0
1524445472,45092,15348,1.03530097,0,0,0,2,80,1,40.0
1524445202,45092,12711,1.034465075,0,0,0,2,80,1,40.0
1524445402,45092,10829,1.034855127,0,0,0,2,80,1,40.0
1524445601,45092,10695,1.040194035,0,0,0,2,80,1,40.0
1524445285,45092,15632,1.033773184,0,0,0,2,80,1,40.0
1524445501,45092,17926,1.034215927,0,0,0,2,80,1,40.0
1524445498,45092,15300,1.034574986,0,0,0,2,80,1,40.0
1524445375,45092,18305,1.034455776,0,0,0,2,80,1,40.0
1524445524,45092,10775,1.03521204,0,0,0,2,80,1,40.0
1524443870,49823,8291,2.69413e-05,0,0,0,1,40,1,40.0
1524445531,45092,15100,1.035272121,0,0,0,2,80,1,40.0
1524445554,45092,17030,1.034726858,0,0,0,2,80,1,40.0
1524445556,45092,14876,1.034956932,0,0,0,2,80,1,40.0
1524445259,45092,13783,1.03616786,0,0,0,2,80,1,40.0
1524445592,45092,16782,1.04103899,0,0,0,2,80,1,40.0
1524445448,45092,15954,1.034570932,0,0,0,2,80,1,40.0
1524445697,45092,16889,1.041402102,0,0,0,2,80,1,40.0
1524445408,45092,14575,1.034332037,0,0,0,2,80,1,40.0
1524445267,45092,15661,1.036003828,0,0,0,2,80,1,40.0
1524445192,45092,13670,1.035005808,0,0,0,2,80,1,40.0
1524445232,45092,11032,1.034549236,0,0,0,2,80,1,40.0
1524445394,45092,14591,1.072042942,0,0,0,2,80,1,40.0
1524445403,45092,14082,1.035312891,0,0,0,2,80,1,40.0
1524445677,45092,18491,1.041039944,0,0,0,2,80,1,40.0
1524445302,45092,17616,1.035639048,0,0,0,2,80,1,40.0
1524445437,45092,14121,1.035166025,0,0,0,2,80,1,40.0
1524445701,45092,14011,1.040392876,0,0,0,2,80,1,40.0
1524445455,45092,15290,1.034312963,0,0,0,2,80,1,40.0
1524445427,45092,17587,1.035181999,0,0,0,2,80,1,40.0
1524445193,45092,12014,1.04154706,0,0,0,2,80,1,40.0
1524445298,45092,18722,1.034808874,0,0,0,2,80,1,40.0
1524445534,45092,16219,1.035691023,0,0,0,2,80,1,40.0
1524445239,45092,19602,1.034320831,0,0,0,2,80,1,40.0
1524445465,45092,18514,1.034383059,0,0,0,2,80,1,40.0
1524445593,45092,12904,1.041100025,0,0,0,2,80,1,40.0
1524445338,45092,19155,1.034333944,0,0,0,2,80,1,40.0
1524445628,45092,10847,1.034819126,0,0,0,2,80,1,40.0
1524445478,45092,18081,1.034638166,0,0,0,2,80,1,40.0
1524445237,45092,13667,1.033430815,0,0,0,2,80,1,40.0
1524445345,45092,17684,1.034502029,0,0,0,2,80,1,40.0
1524445584,45092,17940,1.04174304,0,0,0,2,80,1,40.0
1524445180,45092,15414,0.689668894,0,0,0,2,80,1,40.0
1524445350,45092,11736,0.68889308,0,0,0,2,80,1,40.0
1524445167,45092,11085,0.689419985,0,0,0,2,80,1,40.0
1524445683,45092,11013,1.040584087,0,0,0,2,80,1,40.0
1524445335,45092,13650,1.034243107,0,0,0,2,80,1,40.0
1524445328,45092,10232,1.034717798,0,0,0,2,80,1,40.0
1524445211,45092,19393,1.034466982,0,0,0,2,80,1,40.0
1524445308,45092,16775,1.033519983,0,0,0,2,80,1,40.0
1524445514,45092,16440,1.033308029,0,0,0,2,80,1,40.0
1524445312,45092,10638,1.034575939,0,0,0,2,80,1,40.0
1524445606,45092,17471,1.041296959,0,0,0,2,80,1,40.0
1524445488,45092,18696,1.034765005,0,0,0,2,80,1,40.0
1524445514,45092,19468,1.034599066,0,0,0,2,80,1,40.0
1524445585,45092,12114,1.041100025,0,0,0,2,80,1,40.0
1524445462,45092,17285,1.034381151,0,0,0,2,80,1,40.0
1524445702,45092,12016,1.042574167,0,0,0,2,80,1,40.0
1524445578,45092,13150,1.040443182,0,0,0,2,80,1,40.0
1524445285,45092,13861,1.033753157,0,0,0,2,80,1,40.0
1524445414,45092,16132,1.033622026,0,0,0,2,80,1,40.0
1524445679,45092,12471,1.040660858,0,0,0,2,80,1,40.0
1524445471,45092,10527,1.034395933,0,0,0,2,80,1,40.0
1524445357,45092,18277,1.033997059,0,0,0,2,80,1,40.0
1524445313,45092,14367,1.034173965,0,0,0,2,80,1,40.0
1524445191,45092,14607,1.035063982,0,0,0,2,80,1,40.0
1524445427,45092,10399,1.034667015,0,0,0,2,80,1,40.0
1524445239,45092,10050,1.034343958,0,0,0,2,80,1,40.0
1524445438,45092,11049,1.034495115,0,0,0,2,80,1,40.0
1524445459,36010,22,1.90735e-06,0,0,0,1,60,1,40.0
1524445358,45092,11225,1.03439188,0,0,0,2,80,1,40.0
1524445589,45092,15694,1.041764021,0,0,0,2,80,1,40.0
1524445291,45092,16229,1.03575182,0,0,0,2,80,1,40.0
1524445212,45092,17274,1.033740044,0,0,0,2,80,1,40.0
1524445680,45092,15852,1.040655136,0,0,0,2,80,1,40.0
1524445516,45092,15558,1.03365612,0,0,0,2,80,1,40.0
1524445437,45092,18932,1.03507185,0,0,0,2,80,1,40.0
1524445561,45092,15793,1.035116911,0,0,0,2,80,1,40.0
1524445450,45092,11842,1.03601408,0,0,0,2,80,1,40.0
1524445345,45092,18967,1.034919024,0,0,0,2,80,1,40.0
1524445283,45092,16197,1.034593105,0,0,0,2,80,1,40.0
1524445402,45092,14648,1.034693003,0,0,0,2,80,1,40.0
1524445613,45092,12740,1.039837837,0,0,0,2,80,1,40.0
1524445610,45092,17190,1.040081978,0,0,0,2,80,1,40.0
1524445454,45092,12491,1.034472942,0,0,0,2,80,1,40.0
1524445506,45092,18138,1.033943892,0,0,0,2,80,1,40.0
1524442693,49415,445,3.00407e-05,0,0,0,1,52,1,40.0
1524445524,45092,17059,1.035211086,0,0,0,2,80,1,40.0
1524445430,45092,17558,1.034422874,0,0,0,2,80,1,40.0
1524445633,45092,10391,1.035117865,0,0,0,2,80,1,40.0
1524445504,45092,11912,1.034029961,0,0,0,2,80,1,40.0
1524445349,45092,17420,1.034760952,0,0,0,2,80,1,40.0
1524445246,45092,17816,0.689352989,0,0,0,2,80,1,40.0
1524445276,45092,18692,1.034646034,0,0,0,2,80,1,40.0
1524445675,45092,11306,1.041260004,0,0,0,2,80,1,40.0
1524445434,45092,17025,1.034404993,0,0,0,2,80,1,40.0
1524445692,45092,15121,1.041007996,0,0,0,2,80,1,40.0
1524445583,45092,19773,1.04069519,0,0,0,2,80,1,40.0
1524445652,45092,14078,1.035520077,0,0,0,2,80,1,40.0
1524445262,45092,19027,1.033601999,0,0,0,2,80,1,40.0
1524445538,45092,13396,1.035518885,0,0,0,2,80,1,40.0
1524445506,45092,11826,1.033904791,0,0,0,2,80,1,40.0
1524445690,45092,14843,1.041263103,0,0,0,2,80,1,40.0
1524445646,45092,14703,1.035708189,0,0,0,2,80,1,40.0
1524445240,45092,19909,1.034216881,0,0,0,2,80,1,40.0
1524445255,45092,15914,1.03410697,0,0,0,2,80,1,40.0
1524445435,45092,12158,1.034523964,0,0,0,2,80,1,40.0
1524445403,45092,17408,1.035163164,0,0,0,2,80,1,40.0
1524445514,45092,10542,1.034570932,0,0,0,2,80,1,40.0
1524445638,45092,17223,1.075663805,0,0,0,2,80,1,40.0
1524445549,45092,16158,1.035099983,0,0,0,2,80,1,40.0
1524445235,45092,13387,1.034304142,0,0,0,2,80,1,40.0
1524445705,45092,14990,0.693245888,0,0,0,2,80,1,40.0
1524445542,45092,18525,1.034440041,0,0,0,2,80,1,40.0
1524445597,45092,10836,1.040194035,0,0,0,2,80,1,40.0
1524445322,45092,11646,1.034165859,0,0,0,2,80,1,40.0
1524445324,45092,18302,1.034739971,0,0,0,2,80,1,40.0
1524445464,45092,12257,1.034403086,0,0,0,2,80,1,40.0
1524445326,45092,18611,1.034300804,0,0,0,2,80,1,40.0
1524445565,45092,12592,1.04084301,0,0,0,2,80,1,40.0
1524445194,45092,11662,1.035284996,0,0,0,2,80,1,40.0
1524445376,45092,13117,1.034800053,0,0,0,2,80,1,40.0
1524445171,45092,16722,1.034792185,0,0,0,2,80,1,40.0
1524445694,45092,12851,1.040248156,0,0,0,2,80,1,40.0
1524445416,45092,13963,1.034288883,0,0,0,2,80,1,40.0
1524445452,45092,17560,1.035069227,0,0,0,2,80,1,40.0
1524445224,45092,14450,1.034362078,0,0,0,2,80,1,40.0
1524445600,45092,17217,1.040805101,0,0,0,2,80,1,40.0
1524445639,45092,18171,1.034756899,0,0,0,2,80,1,40.0
1524445643,45092,13328,1.035201073,0,0,0,2,80,1,40.0
1524445410,45092,13409,1.034471989,0,0,0,2,80,1,40.0
1524445327,45092,11774,1.034133911,0,0,0,2,80,1,40.0
1524445652,45092,15717,1.036220789,0,0,0,2,80,1,40.0
1524445272,45092,11939,0.689233065,0,0,0,2,80,1,40.0
1524445414,45092,13525,1.033504963,0,0,0,2,80,1,40.0
1524445474,45092,14501,1.034040928,0,0,0,2,80,1,40.0
1524445497,45092,17730,1.033900023,0,0,0,2,80,1,40.0
1524445460,45092,17218,1.035255909,0,0,0,2,80,1,40.0
1524445553,45092,18539,1.035331011,0,0,0,2,80,1,40.0
1524445665,45092,10290,1.04062891,0,0,0,2,80,1,40.0
1524445201,45092,18827,1.034610987,0,0,0,2,80,1,40.0
1524445309,45092,17585,1.035175085,0,0,0,2,80,1,40.0
1524445334,45092,17862,1.03394413,0,0,0,2,80,1,40.0
1524445417,45092,16412,0.689296961,0,0,0,2,80,1,40.0
1524445312,45092,17221,1.034595966,0,0,0,2,80,1,40.0
1524445259,45092,17706,1.035644054,0,0,0,2,80,1,40.0
1524445190,45092,12634,1.034413099,0,0,0,2,80,1,40.0
1524445264,45092,11408,1.063651085,0,0,0,2,80,1,40.0
1524445347,45092,15442,1.034268141,0,0,0,2,80,1,40.0
1524445685,45092,16679,1.041189909,0,0,0,2,80,1,40.0
1524445221,45092,13550,1.03387785,0,0,0,2,80,1,40.0
1524445504,45092,15242,1.033545971,0,0,0,2,80,1,40.0
1524445243,45092,17329,1.034715176,0,0,0,2,80,1,40.0
1524445376,45092,18037,1.034280062,0,0,0,2,80,1,40.0
1524445262,45092,18751,1.033581972,0,0,0,2,80,1,40.0
1524445461,45092,10123,1.034871101,0,0,0,2,80,1,40.0
1524445296,45092,15837,1.033578873,0,0,0,2,80,1,40.0
1524445531,45092,19637,1.035428047,0,0,0,2,80,1,40.0
1524445586,45092,17808,1.040425062,0,0,0,2,80,1,40.0
1524445617,45092,13593,0.693722963,0,0,0,2,80,1,40.0
1524445334,45092,16402,1.03454113,0,0,0,2,80,1,40.0
1524445194,45092,13124,1.035918951,0,0,0,2,80,1,40.0
1524445345,45092,10337,1.034152031,0,0,0,2,80,1,40.0
1524445643,45092,14932,1.034998894,0,0,0,2,80,1,40.0
1524445213,45092,14470,1.034346104,0,0,0,2,80,1,40.0
1524445510,45092,19259,1.034431934,0,0,0,2,80,1,40.0
1524445582,45092,17297,1.041601896,0,0,0,2,80,1,40.0
1524445552,45092,14386,1.035409927,0,0,0,2,80,1,40.0
1524445579,45092,15788,1.040810108,0,0,0,2,80,1,40.0
1524445259,45092,10985,1.036181927,0,0,0,2,80,1,40.0
1524445187,45092,14714,1.037230968,0,0,0,2,80,1,40.0
1524445440,45092,10469,1.033763885,0,0,0,2,80,1,40.0
1524445620,45092,18567,1.034515142,0,0,0,2,80,1,40.0
1524445316,45092,14579,1.034619808,0,0,0,2,80,1,40.0
1524445413,45092,17215,1.035006046,0,0,0,2,80,1,40.0
1524445380,45092,12312,1.035447836,0,0,0,2,80,1,40.0
1524445704,45092,17965,1.040649891,0,0,0,2,80,1,40.0
1524445695,45092,12594,1.04174304,0,0,0,2,80,1,40.0
1524445202,45092,11649,1.034656048,0,0,0,2,80,1,40.0
1524445400,45092,19409,1.035109043,0,0,0,2,80,1,40.0
1524445544,45092,10607,1.035478115,0,0,0,2,80,1,40.0
1524445375,45092,14557,1.034126997,0,0,0,2,80,1,40.0
1524445469,45092,15658,1.034307957,0,0,0,2,80,1,40.0
1524442241,27312,23,2.59876e-05,0,0,0,1,40,1,40.0
1524445547,45092,10926,1.034909964,0,0,0,2,80,1,40.0
1524445571,45092,14606,1.040052891,0,0,0,2,80,1,40.0
1524445369,45092,12532,1.035002947,0,0,0,2,80,1,40.0
1524445458,45092,15514,1.035353899,0,0,0,2,80,1,40.0
1524445631,45092,16491,1.034460068,0,0,0,2,80,1,40.0
1524445282,45092,13587,1.035153866,0,0,0,2,80,1,40.0
1524445656,45092,12453,1.041688919,0,0,0,2,80,1,40.0
1524445387,45092,17272,1.035037994,0,0,0,2,80,1,40.0
1524445276,45092,12115,1.034384012,0,0,0,2,80,1,40.0
1524445400,45092,14818,1.035094023,0,0,0,2,80,1,40.0
1524445615,45092,19916,1.04071188,0,0,0,2,80,1,40.0
1524445316,45092,16145,1.034689903,0,0,0,2,80,1,40.0
1524445174,45092,10111,1.035609007,0,0,0,2,80,1,40.0
1524445426,45092,19513,1.034579992,0,0,0,2,80,1,40.0
1524445384,45092,10495,1.034544945,0,0,0,2,80,1,40.0
1524445572,45092,14664,1.039598942,0,0,0,2,80,1,40.0
1524445187,45092,10946,1.036271095,0,0,0,2,80,1,40.0
1524445373,45092,17388,0.689522982,0,0,0,2,80,1,40.0
1524445421,45092,11388,1.035372019,0,0,0,2,80,1,40.0
1524445427,45092,14636,1.03509593,0,0,0,2,80,1,40.0
1524445227,45092,11621,1.034309149,0,0,0,2,80,1,40.0
1524445709,45092,12998,3.29018e-05,0,0,0,1,40,1,40.0
1524445520,45092,19758,1.034868956,0,0,0,2,80,1,40.0
1524445372,45092,10493,1.03418088,0,0,0,2,80,1,40.0
1524445433,45092,16116,1.033509016,0,0,0,2,80,1,40.0
1524445558,45092,13564,1.034536839,0,0,0,2,80,1,40.0
1524445568,45092,19714,1.041212797,0,0,0,2,80,1,40.0
1524445657,45092,14850,1.041517973,0,0,0,2,80,1,40.0
1524445573,45092,10588,1.041757822,0,0,0,2,80,1,40.0
1524445244,45092,12006,1.033058167,0,0,0,2,80,1,40.0
1524445260,45092,15503,1.03360796,0,0,0,2,80,1,40.0
1524445512,45092,11111,1.03451705,0,0,0,2,80,1,40.0
1524445203,45092,16744,1.033987045,0,0,0,2,80,1,40.0
1524445259,45092,10141,1.035661936,0,0,0,2,80,1,40.0
1524445171,45092,15335,1.034260988,0,0,0,2,80,1,40.0
1524445334,45092,15895,1.034372091,0,0,0,2,80,1,40.0
1524445382,45092,12628,1.035131931,0,0,0,2,80,1,40.0
1524445602,45092,12342,1.040869951,0,0,0,2,80,1,40.0
1524445512,45092,10717,1.034522057,0,0,0,2,80,1,40.0
1524445398,45092,10525,1.034491062,0,0,0,2,80,1,40.0
1524445225,45092,11857,1.045643091,0,0,0,2,80,1,40.0
1524445677,45092,16364,1.041062117,0,0,0,2,80,1,40.0
1524445434,45092,10579,1.033989191,0,0,0,2,80,1,40.0
1524445290,45092,13717,1.03375411,0,0,0,2,80,1,40.0
1524445226,45092,10859,1.099817991,0,0,0,2,80,1,40.0
1524445524,45092,18047,1.03519702,0,0,0,2,80,1,40.0
1524445415,45092,14653,1.03418088,0,0,0,2,80,1,40.0
1524445473,45092,15955,1.034152985,0,0,0,2,80,1,40.0
1524445671,45092,18368,1.040903091,0,0,0,2,80,1,40.0
1524445238,45092,13127,0.689286947,0,0,0,2,80,1,40.0
1524445707,45092,15998,1.040623903,0,0,0,2,80,1,40.0
1524445253,45092,10478,1.03489995,0,0,0,2,80,1,40.0
1524445325,45092,14786,1.034759998,0,0,0,2,80,1,40.0
1524445692,45092,18070,1.041435957,0,0,0,2,80,1,40.0
1524445382,45092,16122,1.035117149,0,0,0,2,80,1,40.0
1524445690,45092,19629,1.041269064,0,0,0,2,80,1,40.0
1524445429,45092,16784,1.034772873,0,0,0,2,80,1,40.0
1524445339,45092,14842,1.034374952,0,0,0,2,80,1,40.0
1524445492,45092,13703,1.034329176,0,0,0,2,80,1,40.0
1524445650,45092,14694,1.034615993,0,0,0,2,80,1,40.0
1524445383,45092,18623,1.034824133,0,0,0,2,80,1,40.0
1524445500,45092,18361,1.034361839,0,0,0,2,80,1,40.0
1524445306,45092,13486,1.034453869,0,0,0,2,80,1,40.0
1524445377,45092,14901,1.035476923,0,0,0,2,80,1,40.0
1524445599,45092,12619,1.041759968,0,0,0,2,80,1,40.0
1524445230,45092,19452,1.033568859,0,0,0,2,80,1,40.0
1524445353,45092,14202,1.034804821,0,0,0,2,80,1,40.0
1524445619,45092,11476,1.035063982,0,0,0,2,80,1,40.0
1524445193,45092,16337,1.041711092,0,0,0,2,80,1,40.0
1524445341,45092,12654,1.034492016,0,0,0,2,80,1,40.0
1524445454,45092,15872,1.034402132,0,0,0,2,80,1,40.0
1524445559,45092,16374,1.035405159,0,0,0,2,80,1,40.0
1524445413,45092,14077,1.034137011,0,0,0,2,80,1,40.0
1524445378,45092,10573,1.034751892,0,0,0,2,80,1,40.0
1524445198,45092,11715,1.03477788,0,0,0,2,80,1,40.0
1524445584,45092,12601,1.041712046,0,0,0,2,80,1,40.0
1524445369,45092,16090,1.034568071,0,0,0,2,80,1,40.0
1524445555,45092,19607,1.03494978,0,0,0,2,80,1,40.0
1524445381,45092,15830,1.034728765,0,0,0,2,80,1,40.0
1524445243,45092,18337,1.034708023,0,0,0,2,80,1,40.0
1524445592,45092,12137,1.04104805,0,0,0,2,80,1,40.0
1524445273,45092,10014,1.03425312,0,0,0,2,80,1,40.0
1524445333,45092,13681,1.034123898,0,0,0,2,80,1,40.0
1524445344,45092,14256,1.035354137,0,0,0,2,80,1,40.0
1524445225,45092,14905,1.033735991,0,0,0,2,80,1,40.0
1524445178,45092,13125,1.034706116,0,0,0,2,80,1,40.0
1524445242,45092,13938,1.034925938,0,0,0,2,80,1,40.0
1524445298,45092,16455,1.035402775,0,0,0,2,80,1,40.0
1524445630,45092,13153,1.034734011,0,0,0,2,80,1,40.0
1524445541,45092,19881,1.034950972,0,0,0,2,80,1,40.0
1524445411,45092,18870,1.034861088,0,0,0,2,80,1,40.0
1524445594,45092,19313,1.040953875,0,0,0,2,80,1,40.0
1524445371,45092,18759,0.689216137,0,0,0,2,80,1,40.0
1524445613,45092,15415,1.040004015,0,0,0,2,80,1,40.0
1524445695,45092,12171,1.041730881,0,0,0,2,80,1,40.0
1524445343,45092,17262,1.03463912,0,0,0,2,80,1,40.0
1524445553,45092,10834,1.035147905,0,0,0,2,80,1,40.0
1524445499,45092,14266,1.035140991,0,0,0,2,80,1,40.0
1524445193,45092,13612,1.041674137,0,0,0,2,80,1,40.0
1524445471,45092,16737,1.034000874,0,0,0,2,80,1,40.0
1524445695,45092,16643,1.041769981,0,0,0,2,80,1,40.0
1524445245,45092,16682,1.033783913,0,0,0,2,80,1,40.0
1524445656,45092,18127,1.041648865,0,0,0,2,80,1,40.0
1524445522,45092,13784,1.104120016,0,0,0,2,80,1,40.0
1524445239,45092,15495,1.035136938,0,0,0,2,80,1,40.0
1524445192,45092,18580,1.034972906,0,0,0,2,80,1,40.0
1524445182,45092,14964,1.035145998,0,0,0,2,80,1,40.0
1524445707,45092,17132,1.040771961,0,0,0,2,80,1,40.0
1524445225,45092,18256,1.045656919,0,0,0,2,80,1,40.0
1524445446,45092,11035,1.034152985,0,0,0,2,80,1,40.0
1524445550,45092,18883,1.034853935,0,0,0,2,80,1,40.0
1524445226,45092,10697,1.034605026,0,0,0,2,80,1,40.0
1524445404,45092,11400,1.034022093,0,0,0,2,80,1,40.0
1524445475,45092,16999,1.035017967,0,0,0,2,80,1,40.0
1524445679,45092,11138,1.040652037,0,0,0,2,80,1,40.0
1524445520,45092,18706,0.689301014,0,0,0,2,80,1,40.0
1524445575,45092,18017,1.04034996,0,0,0,2,80,1,40.0
